Machine_Brut,MACHINE,famille_neshu
1- filtre=y - evac=y,FONTAINE TWYD,TWYD
2- filtre=y - evac=n,FONTAINE TWYD,TWYD
3- filtre=n - evac=y,FONTAINE TWYD,TWYD
aguila 220,AGUILA2,NESPRESSO
aguila 220 _ 380v,AGUILA2,NESPRESSO
aguila 420,AGUILA4,NESPRESSO
aguila 440,AGUILA4,NESPRESSO
aguila220,AGUILA2,NESPRESSO
animo optime (1gg04331),MILANO,ANIMO
aumm,LAVE VERRES,AUUM
aumm ,LAVE VERRES,AUUM
aumm-s,LAVE VERRES,AUUM
auum,LAVE VERRES,AUUM
auum_generique,LAVE VERRES,AUUM
auum-s,LAVE VERRES,AUUM
auum-v2max,LAVE VERRES,AUUM
auum-v3,LAVE VERRES,AUUM
b4 table top ef-ec-eg _ nd _ nd,FONTAINE A EAU,BLUPURA
base cabinet momento cup,M100,NESPRESSO
bluglass 30 ef-eg-et _ nd _ nd,FONTAINE A EAU,BLUPURA
bluglass 80 ef-et-eg,FONTAINE A EAU,BLUPURA
bluglass 80 ef-et-eg _ nd _ nd,FONTAINE A EAU,BLUPURA
blupura,FONTAINE A EAU,BLUPURA
bluseven box hot gaz 60 fizz,FONTAINE A EAU,BLUPURA
bluseven gaz hot,FONTAINE A EAU,BLUPURA
bluseven robinet,FONTAINE A EAU,BLUPURA
blusoda,FONTAINE A EAU,BLUPURA
blusoda gaz,FONTAINE A EAU,BLUPURA
blusoda gaz hot,FONTAINE A EAU,BLUPURA
borg,FONTAINE A EAU,BLUPURA
bottler 101-2-fs-0 cu ce,FONTAINE A EAU,BRITA
bottler 103-2-ts-0 cu ce,FONTAINE A EAU,BRITA
bottler 104-2-ct-0 cu ce,FONTAINE A EAU,BRITA
bottler 105-2-ts-0 cu ce,FONTAINE A EAU,BRITA
brita,FONTAINE A EAU,BRITA
brita_generique,FONTAINE A EAU,BRITA
daan_generique,LAVE VAISSELLE,LAVE VAISSELLE
dispenser,DISP GEMINI,NESPRESSO
dispenser gemini,DISP GEMINI,NESPRESSO
dispenser momento sbs,DISP MINI,NESPRESSO
dispenser momento twr,DISP MINI,NESPRESSO
europa,SNACKING,SNACKING
f02,FONTAINE TWYD,TWYD
f03,FONTAINE TWYD,TWYD
f05,FONTAINE TWYD,TWYD
fas 1050 excellence,SNACKING,SNACKING
fas 750 excellence,SNACKING,SNACKING
fas 900 excellence,SNACKING,SNACKING
fontainco,FONTAINE A EAU,BLUPURA
fontainco_generique,FONTAINE A EAU,BLUPURA
fontaine à eau,FONTAINE A EAU,BLUPURA
fontaine à eau twyd,FONTAINE TWYD,TWYD
fontaine mokaco,FONTAINE A EAU,BLUPURA
fontaine twyd,FONTAINE TWYD,TWYD
fontaine twyd (f231005467),FONTAINE TWYD,TWYD
fontaine twyd (f231005482),FONTAINE TWYD,TWYD
fontaine twyd (f231005495),FONTAINE TWYD,TWYD
fontaine twyd (f231005500),FONTAINE TWYD,TWYD
fontaine twyd (f231005502),FONTAINE TWYD,TWYD
fridge nu,FRIGO NU,SNACKING
frigo nu,FRIGO NU,SNACKING
frimav01 _ non disponible _ fs_37_940_902,FRIGO NU,SNACKING
frimav02,FRIGO NU,SNACKING
frimav02 _ non disponible _ fs_45_080_722,FRIGO NU,SNACKING
gemini,GEMINI,NESPRESSO
gemini 200,GEMINI,NESPRESSO
gemini 203,GEMINI,NESPRESSO
gemini cs200,GEMINI,NESPRESSO
gemini203,GEMINI,NESPRESSO
jura,FONTAINE A EAU,BLUPURA
jura x6_nd_nd,FONTAINE A EAU,BLUPURA
lave vaisselle bob,LAVE VAISSELLE,LAVE VAISSELLE
lave-vaisselle,LAVE VAISSELLE,LAVE VAISSELLE
luce,SNACKING,SNACKING
mgz,LAVE VERRES,AUUM
mgz_0146 _ 2_inconnue _ mgz_0146,LAVE VERRES,AUUM
mgz_0284,LAVE VERRES,AUUM
mgz_0326 _ rdc_leonarddevinci _ mgz_0326,LAVE VERRES,AUUM
mgz_0340,LAVE VERRES,AUUM
mgz_0368 _ 1_cafeteria _ mgz_0368,LAVE VERRES,AUUM
mgz_0465,LAVE VERRES,AUUM
mgz_0534 _ 3_workcafe _ mgz_0534,LAVE VERRES,AUUM
mgz_0575 _ inconnue_inconnue _ mgz_0575,LAVE VERRES,AUUM
mgz_0587,LAVE VERRES,AUUM
mgz_0590 _ 3_openspace _ mgz_0590,LAVE VERRES,AUUM
mgz_0606 _ rdc_cafeteria1 _ mgz_0606,LAVE VERRES,AUUM
mgz_0639 _ 1_cafeteriadroite _ mgz_0639,LAVE VERRES,AUUM
mgz_0652 _ 8_cafeteria1 _ mgz_0652,LAVE VERRES,AUUM
mgz_0673 _ rdc_cafeteria1 _ mgz_0673,LAVE VERRES,AUUM
mgz_0677 _ 2_cafeteria1 _ mgz_0677,LAVE VERRES,AUUM
mgz_0680 _ 4_cafeteria1 _ mgz_0680,LAVE VERRES,AUUM
mgz_0699,LAVE VERRES,AUUM
mgz_0701,LAVE VERRES,AUUM
mgz_0707 _ rdc_cuisine1 _ mgz_0707,LAVE VERRES,AUUM
mgz_0726 _ 1_cuisine _ mgz_0726,LAVE VERRES,AUUM
mgz_0733 _ rdc_cafeteria1 _ mgz_0733,LAVE VERRES,AUUM
mgz_0786,LAVE VERRES,AUUM
mgz_0791 _ 6_cafeteria1 _ mgz_0791,LAVE VERRES,AUUM
mgz_0804 _ rdc_cafeteria1 _ mgz_0804,LAVE VERRES,AUUM
mgz_0837,LAVE VERRES,AUUM
mgz_0858 _ rdc_accueil _ mgz_0858,LAVE VERRES,AUUM
mgz_0892,LAVE VERRES,AUUM
mgz_0971 _ rdc_cafeteria1 _ mgz_0971,LAVE VERRES,AUUM
milano,MILANO,NESTLE
milano 1,MILANO,NESTLE
milano 2,MILANO,NESTLE
milano grain,MILANO,NESTLE
milano grain fts60e,MILANO,NESTLE
milano grain fts60e + modulo,MILANO,NESTLE
milano lyo fts120,MILANO,NESTLE
milano lyo fts120 + modulo,MILANO,NESTLE
milano2,MILANO,NESTLE
mini disp momento 200,DISP MINI,NESPRESSO
mini disp zenius,DISP MINI,NESPRESSO
mini pure,FONTAINE A EAU,BLUPURA
minidisp,DISP MINI,NESPRESSO
minidisp momento,DISP MINI,NESPRESSO
minitow momento,MINITOW,NESPRESSO
minitower gemini,DISP MINI,NESPRESSO
minitower momento,MINITOW,NESPRESSO
minitower ag420,MINITOW,NESPRESSO
minitower ag220,MINITOW,NESPRESSO
mistral,FONTAINE A EAU,BLUPURA
module momento 200,M200,NESPRESSO
modulo the,MODULOTHE,ANIMO
mokaco blupura,FONTAINE A EAU,BLUPURA
momento 100,M100,NESPRESSO
momento 200,M200,NESPRESSO
momento 200 mini disp,DISP MINI,NESPRESSO
momento cabinet,M100,NESPRESSO
base cabinet momento,M100,NESPRESSO
momento disp mini to,DISP MINI,NESPRESSO
momento disp s by s,DISP SBS,NESPRESSO
momento mini disp,DISP MINI,NESPRESSO
momento mini disp r+4 b,DISP MINI,NESPRESSO
momento mini tow,DISP MINI,NESPRESSO
momento module 200,M200,NESPRESSO
momento100,M100,NESPRESSO
momento200,M200,NESPRESSO
neshu_generique,MILANO,AUCUNE CATEGORIE
nu_generique,FRIGO NU,SNACKING
optibean x 12,MILANO,ANIMO
optibean x 12 ts,MILANO,ANIMO
optibean x 22,MILANO,ANIMO
optibeanx12 + modulo,MILANO,ANIMO
optibeanx12 + modulo the,MILANO,ANIMO
optibeanx12ts + modulo,MILANO,ANIMO
tower optibean x12 + modulo the,MILANO,ANIMO
tower optibean x12,MILANO,ANIMO
tower optibean x12 ts,MILANO,ANIMO
rebel gaz,FONTAINE A EAU,BLUPURA
sbs momento 100,M100,NESPRESSO
sbs momento 200,DISP SBS,NESPRESSO
sm 200-2-ts30-hs cu ce,FONTAINE A EAU,BRITA
sm 200-3-ts30-tgb cu ce,FONTAINE A EAU,BRITA
sm 200-f-1-ct-tgb cu ce,FONTAINE A EAU,BRITA
sm 200-f-1-fs-tgb cu ce,FONTAINE A EAU,BRITA
sm 200-f-2-ct-hs cu ce,FONTAINE A EAU,BRITA
sm 200-f-3-ct-tgb cu ce,FONTAINE A EAU,BRITA
sm 200-f-3-fs-tgb cu ce,FONTAINE A EAU,BRITA
sm 50-1-ct-0 cu ce,FONTAINE A EAU,BRITA
sm 50-3-ct-0 cu ce,FONTAINE A EAU,BRITA
sm 50-3-fs-0 cu ce,FONTAINE A EAU,BRITA
sm 50-3-ts30-tgb cu ce,FONTAINE A EAU,BRITA
sm 50-f-1-ct-tgb cu ce,FONTAINE A EAU,BRITA
sm 50-f-1-fs-tgb cu ce,FONTAINE A EAU,BRITA
sm 50-f-3-ct-tgb cu ce,FONTAINE A EAU,BRITA
sm 50-f-3-fs-tgb cu ce,FONTAINE A EAU,BRITA
table top,DISP GEMINI,NESPRESSO
tower,TOWER GEMINI,NESPRESSO
tower blusoda,FONTAINE A EAU,BLUPURA
tower blusoda gaz,FONTAINE A EAU,BLUPURA
tower gemini,TOWER GEMINI,NESPRESSO
tower momento,MINITOW,NESPRESSO
tower one gaz,FONTAINE A EAU,BLUPURA
twid,FONTAINE TWYD,TWYD
twid (f230105390),FONTAINE TWYD,TWYD
twyd,FONTAINE TWYD,TWYD
twyd (f220602039),FONTAINE TWYD,TWYD
twyd (f220602040),FONTAINE TWYD,TWYD
twyd (f230105393),FONTAINE TWYD,TWYD
twyd (f230105401),FONTAINE TWYD,TWYD
twyd (f230105405),FONTAINE TWYD,TWYD
twyd (f230105441),FONTAINE TWYD,TWYD
twyd (f230105443),FONTAINE TWYD,TWYD
twyd (f230105444),FONTAINE TWYD,TWYD
twyd (f231005469),FONTAINE TWYD,TWYD
twyd (f231005480),FONTAINE TWYD,TWYD
twyd (f231005481),FONTAINE TWYD,TWYD
twyd (f231005490),FONTAINE TWYD,TWYD
twyd (f231005492),FONTAINE TWYD,TWYD
twyd (f231005493),FONTAINE TWYD,TWYD
twyd (f231005495),FONTAINE TWYD,TWYD
twyd (f231005501),FONTAINE TWYD,TWYD
twyd (f231005505),FONTAINE TWYD,TWYD
twyd generique,FONTAINE TWYD,TWYD
twyd_generique,FONTAINE TWYD,TWYD
vitap 301-1-ts-0 cu ce,FONTAINE A EAU,BRITA
vitap 301-g-1-ts-0 cu ce,FONTAINE A EAU,BRITA
vitap 302-2-ts-0 cu ce,FONTAINE A EAU,BRITA
vitap 302-g-2-ts-0 cu ce,FONTAINE A EAU,BRITA
vitap 304-g-1h-ts-0 cu ce,FONTAINE A EAU,BRITA
vitap 305-2h-ts-0 cu ce,FONTAINE A EAU,BRITA
vitap 305-g-2h-ts-0 cu ce,FONTAINE A EAU,BRITA
viv e 50 i-26-c2-tg-i-cu ce,FONTAINE A EAU,BRITA
viv e 50 i-26-c2-tg-n-cu ce,FONTAINE A EAU,BRITA
viv e 50 i-33-c2-tg-i-cu ce,FONTAINE A EAU,BRITA
viv e 50 i-33-c2-tg-i-cu ce ,FONTAINE A EAU,BRITA
viv e 50 i-33-c2-tg-i-cu ce  ,FONTAINE A EAU,BRITA
viv e 50 i-33-c2-tg-i-cu ce &nbsp,FONTAINE A EAU,BRITA
viv e 50 i-33-c2-tg-n-cu ce,FONTAINE A EAU,BRITA
viv e 85 c-26-c1hm-tg-k cu ce,FONTAINE A EAU,BRITA
viv e 85 c-26-c1-tg-k cu ce,FONTAINE A EAU,BRITA
viv e 85 c-26-c2hm-tg-k cu ce,FONTAINE A EAU,BRITA
viv e 85 c-26-c2-tg-k cu ce,FONTAINE A EAU,BRITA
viv e 85 c-33-c1hm-tg-k cu ce,FONTAINE A EAU,BRITA
viv e 85 c-33-c1-tg-k cu ce,FONTAINE A EAU,BRITA
viv e 85 c-33-c1-tg-n-cu ce,FONTAINE A EAU,BRITA
viv e 85 c-33-c2hm-tg-k cu ce,FONTAINE A EAU,BRITA
viv e 85 c-33-c2-tg-k cu ce,FONTAINE A EAU,BRITA
viv e 85 c-33-c2-tg-n-cu ce,FONTAINE A EAU,BRITA
viv e 85 i-26-c2-tg-i-cu ce,FONTAINE A EAU,BRITA
viv e 85 i-33-c2-hp-o-cu za,FONTAINE A EAU,BRITA
viv e 85 i-33-c2-tg-i-cu ce,FONTAINE A EAU,BRITA
viv e 85 i-33-c2-tg-n-cu ce,FONTAINE A EAU,BRITA
viv f 200 ct-c2-tg-j cu ce,FONTAINE A EAU,BRITA
viv f 200 ts idt-c2-tg-j cu ce,FONTAINE A EAU,BRITA
viv f 200 ts ocdt-c2-tg-j cu ce,FONTAINE A EAU,BRITA
viv f 200 ts wodt-c2-tg-j cu ce,FONTAINE A EAU,BRITA
viv fill base cabinet cu,FONTAINE A EAU,BRITA
viv t 15 c2-tg-h cu ce,FONTAINE A EAU,BRITA
viv t 15 c2-tg-k cu ce,FONTAINE A EAU,BRITA
viv t 50 c1-tg-l-cu ce,FONTAINE A EAU,BRITA
viv t 50 c1-tg-n-cu ce,FONTAINE A EAU,BRITA
viv t 50 c2-hp-i-cu ce,FONTAINE A EAU,BRITA
viv t 50 c2-tg-i-cu ce,FONTAINE A EAU,BRITA
viv t 50 c2-tg-n-cu ce,FONTAINE A EAU,BRITA
viv t 85 c1-tg-n-cu ce,FONTAINE A EAU,BRITA
viv t 85 c2-tg-i-cu ce,FONTAINE A EAU,BRITA
viv t 85 c2-tg-n-cu ce,FONTAINE A EAU,BRITA
viv t 85 c1-tg-l-cu ce,FONTAINE A EAU,BRITA
ytmt,SNACKING,SNACKING
ytmt 10,SNACKING,SNACKING
ytmt fas,SNACKING,SNACKING
ytmt10,SNACKING,SNACKING
zenius,ZENIUS,NESPRESSO
zenuis,ZENIUS,NESPRESSO
