TYPE_INTER,MACHINE,KEY,MARQUE,METROPOLE,Type_tarif,Montant,PROD,valid_from,valid_to
CURATIVE J+1,LAVE VERRES,CURATIVE J+1_LAVE VERRES,AUUM,0,Remise niv1,139,1,2000-01-01,2025-12-31
CURATIVE J+1,LAVE VERRES,CURATIVE J+1_LAVE VERRES,AUUM,0,Remise niv2,102,1,2000-01-01,2025-12-31
CURATIVE J+1,LAVE VERRES,CURATIVE J+1_LAVE VERRES,AUUM,0,Tarif normal,185,1,2000-01-01,2025-12-31
CURATIVE J+1,LAVE VERRES,CURATIVE J+1_LAVE VERRES,AUUM,1,Remise niv1,116,1,2000-01-01,2025-12-31
CURATIVE J+1,LAVE VERRES,CURATIVE J+1_LAVE VERRES,AUUM,1,Remise niv2,85,1,2000-01-01,2025-12-31
CURATIVE J+1,LAVE VERRES,CURATIVE J+1_LAVE VERRES,AUUM,1,Tarif normal,155,1,2000-01-01,2025-12-31
CURATIVE,LAVE VERRES,CURATIVE_LAVE VERRES,AUUM,0,Remise niv1,101,1,2000-01-01,2025-12-31
CURATIVE,LAVE VERRES,CURATIVE_LAVE VERRES,AUUM,0,Remise niv2,74,1,2000-01-01,2025-12-31
CURATIVE,LAVE VERRES,CURATIVE_LAVE VERRES,AUUM,0,Tarif normal,135,1,2000-01-01,2025-12-31
CURATIVE,LAVE VERRES,CURATIVE_LAVE VERRES,AUUM,1,Remise niv1,79,1,2000-01-01,2025-12-31
CURATIVE,LAVE VERRES,CURATIVE_LAVE VERRES,AUUM,1,Remise niv2,58,1,2000-01-01,2025-12-31
CURATIVE,LAVE VERRES,CURATIVE_LAVE VERRES,AUUM,1,Tarif normal,105,1,2000-01-01,2025-12-31
CURATIVE J+2,LAVE VERRES,CURATIVE J+2_LAVE VERRES,AUUM,0,Remise niv1,101,1,2000-01-01,2025-12-31
CURATIVE J+2,LAVE VERRES,CURATIVE J+2_LAVE VERRES,AUUM,0,Remise niv2,74,1,2000-01-01,2025-12-31
CURATIVE J+2,LAVE VERRES,CURATIVE J+2_LAVE VERRES,AUUM,0,Tarif normal,135,1,2000-01-01,2025-12-31
CURATIVE J+2,LAVE VERRES,CURATIVE J+2_LAVE VERRES,AUUM,1,Remise niv1,79,1,2000-01-01,2025-12-31
CURATIVE J+2,LAVE VERRES,CURATIVE J+2_LAVE VERRES,AUUM,1,Remise niv2,58,1,2000-01-01,2025-12-31
CURATIVE J+2,LAVE VERRES,CURATIVE J+2_LAVE VERRES,AUUM,1,Tarif normal,105,1,2000-01-01,2025-12-31
INSTALLATION,LAVE VERRES,INSTALLATION_LAVE VERRES,AUUM,0,Remise niv1,94,1,2000-01-01,2025-12-31
INSTALLATION,LAVE VERRES,INSTALLATION_LAVE VERRES,AUUM,0,Remise niv2,69,1,2000-01-01,2025-12-31
INSTALLATION,LAVE VERRES,INSTALLATION_LAVE VERRES,AUUM,0,Tarif normal,125,1,2000-01-01,2025-12-31
INSTALLATION,LAVE VERRES,INSTALLATION_LAVE VERRES,AUUM,1,Remise niv1,71,1,2000-01-01,2025-12-31
INSTALLATION,LAVE VERRES,INSTALLATION_LAVE VERRES,AUUM,1,Remise niv2,52,1,2000-01-01,2025-12-31
INSTALLATION,LAVE VERRES,INSTALLATION_LAVE VERRES,AUUM,1,Tarif normal,95,1,2000-01-01,2025-12-31
DESINSTALLATION,LAVE VERRES,DESINSTALLATION_LAVE VERRES,AUUM,0,Remise niv1,94,1,2000-01-01,2025-12-31
DESINSTALLATION,LAVE VERRES,DESINSTALLATION_LAVE VERRES,AUUM,0,Remise niv2,69,1,2000-01-01,2025-12-31
DESINSTALLATION,LAVE VERRES,DESINSTALLATION_LAVE VERRES,AUUM,0,Tarif normal,125,1,2000-01-01,2025-12-31
DESINSTALLATION,LAVE VERRES,DESINSTALLATION_LAVE VERRES,AUUM,1,Remise niv1,71,1,2000-01-01,2025-12-31
DESINSTALLATION,LAVE VERRES,DESINSTALLATION_LAVE VERRES,AUUM,1,Remise niv2,52,1,2000-01-01,2025-12-31
DESINSTALLATION,LAVE VERRES,DESINSTALLATION_LAVE VERRES,AUUM,1,Tarif normal,95,1,2000-01-01,2025-12-31
INSTALLATION TYPE A,LAVE VERRES,INSTALLATION TYPE A_LAVE VERRES,AUUM,0,Remise niv1,94,1,2000-01-01,2025-12-31
INSTALLATION TYPE A,LAVE VERRES,INSTALLATION TYPE A_LAVE VERRES,AUUM,0,Remise niv2,69,1,2000-01-01,2025-12-31
INSTALLATION TYPE A,LAVE VERRES,INSTALLATION TYPE A_LAVE VERRES,AUUM,0,Tarif normal,125,1,2000-01-01,2025-12-31
INSTALLATION TYPE A,LAVE VERRES,INSTALLATION TYPE A_LAVE VERRES,AUUM,1,Remise niv1,71,1,2000-01-01,2025-12-31
INSTALLATION TYPE A,LAVE VERRES,INSTALLATION TYPE A_LAVE VERRES,AUUM,1,Remise niv2,52,1,2000-01-01,2025-12-31
INSTALLATION TYPE A,LAVE VERRES,INSTALLATION TYPE A_LAVE VERRES,AUUM,1,Tarif normal,95,1,2000-01-01,2025-12-31
INSTALLATION TYPE B,LAVE VERRES,INSTALLATION TYPE B_LAVE VERRES,AUUM,0,Remise niv1,109,1,2000-01-01,2025-12-31
INSTALLATION TYPE B,LAVE VERRES,INSTALLATION TYPE B_LAVE VERRES,AUUM,0,Remise niv2,109,1,2000-01-01,2025-12-31
INSTALLATION TYPE B,LAVE VERRES,INSTALLATION TYPE B_LAVE VERRES,AUUM,0,Tarif normal,115,1,2000-01-01,2025-12-31
INSTALLATION TYPE B,LAVE VERRES,INSTALLATION TYPE B_LAVE VERRES,AUUM,1,Remise niv1,86,1,2000-01-01,2025-12-31
INSTALLATION TYPE B,LAVE VERRES,INSTALLATION TYPE B_LAVE VERRES,AUUM,1,Remise niv2,63,1,2000-01-01,2025-12-31
INSTALLATION TYPE B,LAVE VERRES,INSTALLATION TYPE B_LAVE VERRES,AUUM,1,Tarif normal,115,1,2000-01-01,2025-12-31
INSTALLATION TYPE C,LAVE VERRES,INSTALLATION TYPE C_LAVE VERRES,AUUM,0,Remise niv1,109,1,2000-01-01,2025-12-31
INSTALLATION TYPE C,LAVE VERRES,INSTALLATION TYPE C_LAVE VERRES,AUUM,0,Remise niv2,109,1,2000-01-01,2025-12-31
INSTALLATION TYPE C,LAVE VERRES,INSTALLATION TYPE C_LAVE VERRES,AUUM,0,Tarif normal,115,1,2000-01-01,2025-12-31
INSTALLATION TYPE C,LAVE VERRES,INSTALLATION TYPE C_LAVE VERRES,AUUM,1,Remise niv1,86,1,2000-01-01,2025-12-31
INSTALLATION TYPE C,LAVE VERRES,INSTALLATION TYPE C_LAVE VERRES,AUUM,1,Remise niv2,63,1,2000-01-01,2025-12-31
INSTALLATION TYPE C,LAVE VERRES,INSTALLATION TYPE C_LAVE VERRES,AUUM,1,Tarif normal,115,1,2000-01-01,2025-12-31
MAE,LAVE VERRES,MAE_LAVE VERRES,AUUM,0,Remise niv1,300,1,2000-01-01,2025-12-31
MAE,LAVE VERRES,MAE_LAVE VERRES,AUUM,0,Remise niv2,220,1,2000-01-01,2025-12-31
MAE,LAVE VERRES,MAE_LAVE VERRES,AUUM,0,Tarif normal,400,1,2000-01-01,2025-12-31
MAE,LAVE VERRES,MAE_LAVE VERRES,AUUM,1,Remise niv1,278,1,2000-01-01,2025-12-31
MAE,LAVE VERRES,MAE_LAVE VERRES,AUUM,1,Remise niv2,204,1,2000-01-01,2025-12-31
MAE,LAVE VERRES,MAE_LAVE VERRES,AUUM,1,Tarif normal,370,1,2000-01-01,2025-12-31
PREVENTIVE,LAVE VERRES,PREVENTIVE_LAVE VERRES,AUUM,0,Remise niv1,94,1,2000-01-01,2025-12-31
PREVENTIVE,LAVE VERRES,PREVENTIVE_LAVE VERRES,AUUM,0,Remise niv2,69,1,2000-01-01,2025-12-31
PREVENTIVE,LAVE VERRES,PREVENTIVE_LAVE VERRES,AUUM,0,Tarif normal,125,1,2000-01-01,2025-12-31
PREVENTIVE,LAVE VERRES,PREVENTIVE_LAVE VERRES,AUUM,1,Remise niv1,71,1,2000-01-01,2025-12-31
PREVENTIVE,LAVE VERRES,PREVENTIVE_LAVE VERRES,AUUM,1,Remise niv2,52,1,2000-01-01,2025-12-31
PREVENTIVE,LAVE VERRES,PREVENTIVE_LAVE VERRES,AUUM,1,Tarif normal,95,1,2000-01-01,2025-12-31
CURATIVE J+1,LAVE VERRES,CURATIVE J+1_LAVE VERRES,AUUM,0,Remise niv1,200,1,2026-01-01,
CURATIVE J+1,LAVE VERRES,CURATIVE J+1_LAVE VERRES,AUUM,0,Remise niv2,188,1,2026-01-01,
CURATIVE J+1,LAVE VERRES,CURATIVE J+1_LAVE VERRES,AUUM,0,Tarif normal,250,1,2026-01-01,
CURATIVE J+1,LAVE VERRES,CURATIVE J+1_LAVE VERRES,AUUM,1,Remise niv1,160,1,2026-01-01,
CURATIVE J+1,LAVE VERRES,CURATIVE J+1_LAVE VERRES,AUUM,1,Remise niv2,150,1,2026-01-01,
CURATIVE J+1,LAVE VERRES,CURATIVE J+1_LAVE VERRES,AUUM,1,Tarif normal,200,1,2026-01-01,
CURATIVE,LAVE VERRES,CURATIVE_LAVE VERRES,AUUM,0,Remise niv1,100,1,2026-01-01,
CURATIVE,LAVE VERRES,CURATIVE_LAVE VERRES,AUUM,0,Remise niv2,94,1,2026-01-01,
CURATIVE,LAVE VERRES,CURATIVE_LAVE VERRES,AUUM,0,Tarif normal,125,1,2026-01-01,
CURATIVE,LAVE VERRES,CURATIVE_LAVE VERRES,AUUM,1,Remise niv1,92,1,2026-01-01,
CURATIVE,LAVE VERRES,CURATIVE_LAVE VERRES,AUUM,1,Remise niv2,86,1,2026-01-01,
CURATIVE,LAVE VERRES,CURATIVE_LAVE VERRES,AUUM,1,Tarif normal,115,1,2026-01-01,
CURATIVE J+2,LAVE VERRES,CURATIVE J+2_LAVE VERRES,AUUM,0,Remise niv1,100,1,2026-01-01,
CURATIVE J+2,LAVE VERRES,CURATIVE J+2_LAVE VERRES,AUUM,0,Remise niv2,94,1,2026-01-01,
CURATIVE J+2,LAVE VERRES,CURATIVE J+2_LAVE VERRES,AUUM,0,Tarif normal,125,1,2026-01-01,
CURATIVE J+2,LAVE VERRES,CURATIVE J+2_LAVE VERRES,AUUM,1,Remise niv1,92,1,2026-01-01,
CURATIVE J+2,LAVE VERRES,CURATIVE J+2_LAVE VERRES,AUUM,1,Remise niv2,86,1,2026-01-01,
CURATIVE J+2,LAVE VERRES,CURATIVE J+2_LAVE VERRES,AUUM,1,Tarif normal,115,1,2026-01-01,
INSTALLATION,LAVE VERRES,INSTALLATION_LAVE VERRES,AUUM,0,Remise niv1,100,1,2026-01-01,
INSTALLATION,LAVE VERRES,INSTALLATION_LAVE VERRES,AUUM,0,Remise niv2,94,1,2026-01-01,
INSTALLATION,LAVE VERRES,INSTALLATION_LAVE VERRES,AUUM,0,Tarif normal,125,1,2026-01-01,
INSTALLATION,LAVE VERRES,INSTALLATION_LAVE VERRES,AUUM,1,Remise niv1,80,1,2026-01-01,
INSTALLATION,LAVE VERRES,INSTALLATION_LAVE VERRES,AUUM,1,Remise niv2,75,1,2026-01-01,
INSTALLATION,LAVE VERRES,INSTALLATION_LAVE VERRES,AUUM,1,Tarif normal,100,1,2026-01-01,
DESINSTALLATION,LAVE VERRES,DESINSTALLATION_LAVE VERRES,AUUM,0,Remise niv1,100,1,2026-01-01,
DESINSTALLATION,LAVE VERRES,DESINSTALLATION_LAVE VERRES,AUUM,0,Remise niv2,94,1,2026-01-01,
DESINSTALLATION,LAVE VERRES,DESINSTALLATION_LAVE VERRES,AUUM,0,Tarif normal,125,1,2026-01-01,
DESINSTALLATION,LAVE VERRES,DESINSTALLATION_LAVE VERRES,AUUM,1,Remise niv1,80,1,2026-01-01,
DESINSTALLATION,LAVE VERRES,DESINSTALLATION_LAVE VERRES,AUUM,1,Remise niv2,75,1,2026-01-01,
DESINSTALLATION,LAVE VERRES,DESINSTALLATION_LAVE VERRES,AUUM,1,Tarif normal,100,1,2026-01-01,
INSTALLATION TYPE A,LAVE VERRES,INSTALLATION TYPE A_LAVE VERRES,AUUM,0,Remise niv1,100,1,2026-01-01,
INSTALLATION TYPE A,LAVE VERRES,INSTALLATION TYPE A_LAVE VERRES,AUUM,0,Remise niv2,94,1,2026-01-01,
INSTALLATION TYPE A,LAVE VERRES,INSTALLATION TYPE A_LAVE VERRES,AUUM,0,Tarif normal,125,1,2026-01-01,
INSTALLATION TYPE A,LAVE VERRES,INSTALLATION TYPE A_LAVE VERRES,AUUM,1,Remise niv1,80,1,2026-01-01,
INSTALLATION TYPE A,LAVE VERRES,INSTALLATION TYPE A_LAVE VERRES,AUUM,1,Remise niv2,75,1,2026-01-01,
INSTALLATION TYPE A,LAVE VERRES,INSTALLATION TYPE A_LAVE VERRES,AUUM,1,Tarif normal,100,1,2026-01-01,
INSTALLATION TYPE B,LAVE VERRES,INSTALLATION TYPE B_LAVE VERRES,AUUM,0,Remise niv1,120,1,2026-01-01,
INSTALLATION TYPE B,LAVE VERRES,INSTALLATION TYPE B_LAVE VERRES,AUUM,0,Remise niv2,113,1,2026-01-01,
INSTALLATION TYPE B,LAVE VERRES,INSTALLATION TYPE B_LAVE VERRES,AUUM,0,Tarif normal,150,1,2026-01-01,
INSTALLATION TYPE B,LAVE VERRES,INSTALLATION TYPE B_LAVE VERRES,AUUM,1,Remise niv1,100,1,2026-01-01,
INSTALLATION TYPE B,LAVE VERRES,INSTALLATION TYPE B_LAVE VERRES,AUUM,1,Remise niv2,94,1,2026-01-01,
INSTALLATION TYPE B,LAVE VERRES,INSTALLATION TYPE B_LAVE VERRES,AUUM,1,Tarif normal,125,1,2026-01-01,
INSTALLATION TYPE C,LAVE VERRES,INSTALLATION TYPE C_LAVE VERRES,AUUM,0,Remise niv1,120,1,2026-01-01,
INSTALLATION TYPE C,LAVE VERRES,INSTALLATION TYPE C_LAVE VERRES,AUUM,0,Remise niv2,113,1,2026-01-01,
INSTALLATION TYPE C,LAVE VERRES,INSTALLATION TYPE C_LAVE VERRES,AUUM,0,Tarif normal,150,1,2026-01-01,
INSTALLATION TYPE C,LAVE VERRES,INSTALLATION TYPE C_LAVE VERRES,AUUM,1,Remise niv1,100,1,2026-01-01,
INSTALLATION TYPE C,LAVE VERRES,INSTALLATION TYPE C_LAVE VERRES,AUUM,1,Remise niv2,94,1,2026-01-01,
INSTALLATION TYPE C,LAVE VERRES,INSTALLATION TYPE C_LAVE VERRES,AUUM,1,Tarif normal,125,1,2026-01-01,
MAE,LAVE VERRES,MAE_LAVE VERRES,AUUM,0,Remise niv1,300,1,2026-01-01,
MAE,LAVE VERRES,MAE_LAVE VERRES,AUUM,0,Remise niv2,281,1,2026-01-01,
MAE,LAVE VERRES,MAE_LAVE VERRES,AUUM,0,Tarif normal,375,1,2026-01-01,
MAE,LAVE VERRES,MAE_LAVE VERRES,AUUM,1,Remise niv1,280,1,2026-01-01,
MAE,LAVE VERRES,MAE_LAVE VERRES,AUUM,1,Remise niv2,263,1,2026-01-01,
MAE,LAVE VERRES,MAE_LAVE VERRES,AUUM,1,Tarif normal,350,1,2026-01-01,
PREVENTIVE,LAVE VERRES,PREVENTIVE_LAVE VERRES,AUUM,0,Remise niv1,100,1,2026-01-01,
PREVENTIVE,LAVE VERRES,PREVENTIVE_LAVE VERRES,AUUM,0,Remise niv2,94,1,2026-01-01,
PREVENTIVE,LAVE VERRES,PREVENTIVE_LAVE VERRES,AUUM,0,Tarif normal,125,1,2026-01-01,
PREVENTIVE,LAVE VERRES,PREVENTIVE_LAVE VERRES,AUUM,1,Remise niv1,80,1,2026-01-01,
PREVENTIVE,LAVE VERRES,PREVENTIVE_LAVE VERRES,AUUM,1,Remise niv2,75,1,2026-01-01,
PREVENTIVE,LAVE VERRES,PREVENTIVE_LAVE VERRES,AUUM,1,Tarif normal,100,1,2026-01-01,
AUTRE,FONTAINE A EAU,AUTRE_FONTAINE A EAU,BRITA,0,Remise niv1,144,1,2000-01-01,
AUTRE,FONTAINE A EAU,AUTRE_FONTAINE A EAU,BRITA,0,Remise niv2,117,1,2000-01-01,
AUTRE,FONTAINE A EAU,AUTRE_FONTAINE A EAU,BRITA,0,Tarif normal,180,1,2000-01-01,
AUTRE,FONTAINE A EAU,AUTRE_FONTAINE A EAU,BRITA,1,Remise niv1,120,1,2000-01-01,
AUTRE,FONTAINE A EAU,AUTRE_FONTAINE A EAU,BRITA,1,Remise niv2,93,1,2000-01-01,
AUTRE,FONTAINE A EAU,AUTRE_FONTAINE A EAU,BRITA,1,Tarif normal,150,1,2000-01-01,
CURATIVE J+1,FONTAINE A EAU,CURATIVE J+1_FONTAINE A EAU,BRITA,0,Remise niv1,168,1,2000-01-01,
CURATIVE J+1,FONTAINE A EAU,CURATIVE J+1_FONTAINE A EAU,BRITA,0,Remise niv2,137,1,2000-01-01,
CURATIVE J+1,FONTAINE A EAU,CURATIVE J+1_FONTAINE A EAU,BRITA,0,Tarif normal,210,1,2000-01-01,
CURATIVE J+1,FONTAINE A EAU,CURATIVE J+1_FONTAINE A EAU,BRITA,1,Remise niv1,144,1,2000-01-01,
CURATIVE J+1,FONTAINE A EAU,CURATIVE J+1_FONTAINE A EAU,BRITA,1,Remise niv2,116,1,2000-01-01,
CURATIVE J+1,FONTAINE A EAU,CURATIVE J+1_FONTAINE A EAU,BRITA,1,Tarif normal,180,1,2000-01-01,
CURATIVE J+2,FONTAINE A EAU,CURATIVE J+2_FONTAINE A EAU,BRITA,0,Remise niv1,144,1,2000-01-01,
CURATIVE J+2,FONTAINE A EAU,CURATIVE J+2_FONTAINE A EAU,BRITA,0,Remise niv2,117,1,2000-01-01,
CURATIVE J+2,FONTAINE A EAU,CURATIVE J+2_FONTAINE A EAU,BRITA,0,Tarif normal,180,1,2000-01-01,
CURATIVE J+2,FONTAINE A EAU,CURATIVE J+2_FONTAINE A EAU,BRITA,1,Remise niv1,120,1,2000-01-01,
CURATIVE J+2,FONTAINE A EAU,CURATIVE J+2_FONTAINE A EAU,BRITA,1,Remise niv2,96,1,2000-01-01,
CURATIVE J+2,FONTAINE A EAU,CURATIVE J+2_FONTAINE A EAU,BRITA,1,Tarif normal,150,1,2000-01-01,
CURATIVE,FONTAINE A EAU,CURATIVE_FONTAINE A EAU,BRITA,0,Remise niv1,144,1,2000-01-01,
CURATIVE,FONTAINE A EAU,CURATIVE_FONTAINE A EAU,BRITA,0,Remise niv2,117,1,2000-01-01,
CURATIVE,FONTAINE A EAU,CURATIVE_FONTAINE A EAU,BRITA,0,Tarif normal,180,1,2000-01-01,
CURATIVE,FONTAINE A EAU,CURATIVE_FONTAINE A EAU,BRITA,1,Remise niv1,120,1,2000-01-01,
CURATIVE,FONTAINE A EAU,CURATIVE_FONTAINE A EAU,BRITA,1,Remise niv2,96,1,2000-01-01,
CURATIVE,FONTAINE A EAU,CURATIVE_FONTAINE A EAU,BRITA,1,Tarif normal,150,1,2000-01-01,
DEMENAGEMENT,FONTAINE A EAU,DEMENAGEMENT_FONTAINE A EAU,BRITA,0,Remise niv1,264,1,2000-01-01,
DEMENAGEMENT,FONTAINE A EAU,DEMENAGEMENT_FONTAINE A EAU,BRITA,0,Remise niv2,215,1,2000-01-01,
DEMENAGEMENT,FONTAINE A EAU,DEMENAGEMENT_FONTAINE A EAU,BRITA,0,Tarif normal,330,1,2000-01-01,
DEMENAGEMENT,FONTAINE A EAU,DEMENAGEMENT_FONTAINE A EAU,BRITA,1,Remise niv1,240,1,2000-01-01,
DEMENAGEMENT,FONTAINE A EAU,DEMENAGEMENT_FONTAINE A EAU,BRITA,1,Remise niv2,154,1,2000-01-01,
DEMENAGEMENT,FONTAINE A EAU,DEMENAGEMENT_FONTAINE A EAU,BRITA,1,Tarif normal,300,1,2000-01-01,
DESINSTALLATION,FONTAINE A EAU,DESINSTALLATION_FONTAINE A EAU,BRITA,0,Remise niv1,144,1,2000-01-01,
DESINSTALLATION,FONTAINE A EAU,DESINSTALLATION_FONTAINE A EAU,BRITA,0,Remise niv2,117,1,2000-01-01,
DESINSTALLATION,FONTAINE A EAU,DESINSTALLATION_FONTAINE A EAU,BRITA,0,Tarif normal,180,1,2000-01-01,
DESINSTALLATION,FONTAINE A EAU,DESINSTALLATION_FONTAINE A EAU,BRITA,1,Remise niv1,120,1,2000-01-01,
DESINSTALLATION,FONTAINE A EAU,DESINSTALLATION_FONTAINE A EAU,BRITA,1,Remise niv2,108,1,2000-01-01,
DESINSTALLATION,FONTAINE A EAU,DESINSTALLATION_FONTAINE A EAU,BRITA,1,Tarif normal,150,1,2000-01-01,
INSTALLATION,FONTAINE A EAU,INSTALLATION_FONTAINE A EAU,BRITA,0,Remise niv1,264,3,2000-01-01,
INSTALLATION,FONTAINE A EAU,INSTALLATION_FONTAINE A EAU,BRITA,0,Remise niv2,215,3,2000-01-01,
INSTALLATION,FONTAINE A EAU,INSTALLATION_FONTAINE A EAU,BRITA,0,Tarif normal,330,3,2000-01-01,
INSTALLATION,FONTAINE A EAU,INSTALLATION_FONTAINE A EAU,BRITA,1,Remise niv1,240,3,2000-01-01,
INSTALLATION,FONTAINE A EAU,INSTALLATION_FONTAINE A EAU,BRITA,1,Remise niv2,185,3,2000-01-01,
INSTALLATION,FONTAINE A EAU,INSTALLATION_FONTAINE A EAU,BRITA,1,Tarif normal,300,3,2000-01-01,
PLANPREVENTION,FONTAINE A EAU,PLANPREVENTION_FONTAINE A EAU,BRITA,0,Remise niv1,144,1,2000-01-01,
PLANPREVENTION,FONTAINE A EAU,PLANPREVENTION_FONTAINE A EAU,BRITA,0,Remise niv2,117,1,2000-01-01,
PLANPREVENTION,FONTAINE A EAU,PLANPREVENTION_FONTAINE A EAU,BRITA,0,Tarif normal,180,1,2000-01-01,
PLANPREVENTION,FONTAINE A EAU,PLANPREVENTION_FONTAINE A EAU,BRITA,1,Remise niv1,120,1,2000-01-01,
PLANPREVENTION,FONTAINE A EAU,PLANPREVENTION_FONTAINE A EAU,BRITA,1,Remise niv2,77,1,2000-01-01,
PLANPREVENTION,FONTAINE A EAU,PLANPREVENTION_FONTAINE A EAU,BRITA,1,Tarif normal,150,1,2000-01-01,
PRELEVEMENT EAU,FONTAINE A EAU,PRELEVEMENT EAU_FONTAINE A EAU,BRITA,0,Remise niv1,100,1,2000-01-01,
PRELEVEMENT EAU,FONTAINE A EAU,PRELEVEMENT EAU_FONTAINE A EAU,BRITA,0,Remise niv2,81,1,2000-01-01,
PRELEVEMENT EAU,FONTAINE A EAU,PRELEVEMENT EAU_FONTAINE A EAU,BRITA,0,Tarif normal,125,1,2000-01-01,
PRELEVEMENT EAU,FONTAINE A EAU,PRELEVEMENT EAU_FONTAINE A EAU,BRITA,1,Remise niv1,76,1,2000-01-01,
PRELEVEMENT EAU,FONTAINE A EAU,PRELEVEMENT EAU_FONTAINE A EAU,BRITA,1,Remise niv2,62,1,2000-01-01,
PRELEVEMENT EAU,FONTAINE A EAU,PRELEVEMENT EAU_FONTAINE A EAU,BRITA,1,Tarif normal,95,1,2000-01-01,
PREVENTIVE,FONTAINE A EAU,PREVENTIVE_FONTAINE A EAU,BRITA,0,Remise niv1,144,1,2000-01-01,
PREVENTIVE,FONTAINE A EAU,PREVENTIVE_FONTAINE A EAU,BRITA,0,Remise niv2,117,1,2000-01-01,
PREVENTIVE,FONTAINE A EAU,PREVENTIVE_FONTAINE A EAU,BRITA,0,Tarif normal,180,1,2000-01-01,
PREVENTIVE,FONTAINE A EAU,PREVENTIVE_FONTAINE A EAU,BRITA,1,Remise niv1,120,1,2000-01-01,
PREVENTIVE,FONTAINE A EAU,PREVENTIVE_FONTAINE A EAU,BRITA,1,Remise niv2,93,1,2000-01-01,
PREVENTIVE,FONTAINE A EAU,PREVENTIVE_FONTAINE A EAU,BRITA,1,Tarif normal,150,1,2000-01-01,
CURATIVE J+1,LAVE VAISSELLE,CURATIVE J+1_LAVE VAISSELLE,DAAN,0,Remise niv1,116,1,2000-01-01,
CURATIVE J+1,LAVE VAISSELLE,CURATIVE J+1_LAVE VAISSELLE,DAAN,0,Remise niv2,85,1,2000-01-01,
CURATIVE J+1,LAVE VAISSELLE,CURATIVE J+1_LAVE VAISSELLE,DAAN,0,Tarif normal,155,1,2000-01-01,
CURATIVE J+1,LAVE VAISSELLE,CURATIVE J+1_LAVE VAISSELLE,DAAN,1,Remise niv1,116,1,2000-01-01,
CURATIVE J+1,LAVE VAISSELLE,CURATIVE J+1_LAVE VAISSELLE,DAAN,1,Remise niv2,85,1,2000-01-01,
CURATIVE J+1,LAVE VAISSELLE,CURATIVE J+1_LAVE VAISSELLE,DAAN,1,Tarif normal,155,1,2000-01-01,
CURATIVE J+2,LAVE VAISSELLE,CURATIVE J+2_LAVE VAISSELLE,DAAN,0,Remise niv1,79,1,2000-01-01,
CURATIVE J+2,LAVE VAISSELLE,CURATIVE J+2_LAVE VAISSELLE,DAAN,0,Remise niv2,58,1,2000-01-01,
CURATIVE J+2,LAVE VAISSELLE,CURATIVE J+2_LAVE VAISSELLE,DAAN,0,Tarif normal,105,1,2000-01-01,
CURATIVE J+2,LAVE VAISSELLE,CURATIVE J+2_LAVE VAISSELLE,DAAN,1,Remise niv1,79,1,2000-01-01,
CURATIVE J+2,LAVE VAISSELLE,CURATIVE J+2_LAVE VAISSELLE,DAAN,1,Remise niv2,58,1,2000-01-01,
CURATIVE J+2,LAVE VAISSELLE,CURATIVE J+2_LAVE VAISSELLE,DAAN,1,Tarif normal,105,1,2000-01-01,
DESINSTALLATION,LAVE VAISSELLE,DESINSTALLATION_LAVE VAISSELLE,DAAN,0,Remise niv1,71,1,2000-01-01,
DESINSTALLATION,LAVE VAISSELLE,DESINSTALLATION_LAVE VAISSELLE,DAAN,0,Remise niv2,52,1,2000-01-01,
DESINSTALLATION,LAVE VAISSELLE,DESINSTALLATION_LAVE VAISSELLE,DAAN,0,Tarif normal,95,1,2000-01-01,
DESINSTALLATION,LAVE VAISSELLE,DESINSTALLATION_LAVE VAISSELLE,DAAN,1,Remise niv1,71,1,2000-01-01,
DESINSTALLATION,LAVE VAISSELLE,DESINSTALLATION_LAVE VAISSELLE,DAAN,1,Remise niv2,52,1,2000-01-01,
DESINSTALLATION,LAVE VAISSELLE,DESINSTALLATION_LAVE VAISSELLE,DAAN,1,Tarif normal,95,1,2000-01-01,
INSTALLATION,LAVE VAISSELLE,INSTALLATION_LAVE VAISSELLE,DAAN,0,Remise niv1,86,1,2000-01-01,
INSTALLATION,LAVE VAISSELLE,INSTALLATION_LAVE VAISSELLE,DAAN,0,Remise niv2,63,1,2000-01-01,
INSTALLATION,LAVE VAISSELLE,INSTALLATION_LAVE VAISSELLE,DAAN,0,Tarif normal,115,1,2000-01-01,
INSTALLATION,LAVE VAISSELLE,INSTALLATION_LAVE VAISSELLE,DAAN,1,Remise niv1,86,1,2000-01-01,
INSTALLATION,LAVE VAISSELLE,INSTALLATION_LAVE VAISSELLE,DAAN,1,Remise niv2,63,1,2000-01-01,
INSTALLATION,LAVE VAISSELLE,INSTALLATION_LAVE VAISSELLE,DAAN,1,Tarif normal,115,1,2000-01-01,
PREVENTIVE,LAVE VAISSELLE,PREVENTIVE_LAVE VAISSELLE,DAAN,0,Remise niv1,71,1,2000-01-01,
PREVENTIVE,LAVE VAISSELLE,PREVENTIVE_LAVE VAISSELLE,DAAN,0,Remise niv2,52,1,2000-01-01,
PREVENTIVE,LAVE VAISSELLE,PREVENTIVE_LAVE VAISSELLE,DAAN,0,Tarif normal,95,1,2000-01-01,
PREVENTIVE,LAVE VAISSELLE,PREVENTIVE_LAVE VAISSELLE,DAAN,1,Remise niv1,71,1,2000-01-01,
PREVENTIVE,LAVE VAISSELLE,PREVENTIVE_LAVE VAISSELLE,DAAN,1,Remise niv2,52,1,2000-01-01,
PREVENTIVE,LAVE VAISSELLE,PREVENTIVE_LAVE VAISSELLE,DAAN,1,Tarif normal,95,1,2000-01-01,
CURATIVE J+1,LAVE VAISSELLE,CURATIVE J+1_LAVE VAISSELLE,EXPRESSO,0,Remise niv1,116,1,2000-01-01,
CURATIVE J+1,LAVE VAISSELLE,CURATIVE J+1_LAVE VAISSELLE,EXPRESSO,0,Remise niv2,85,1,2000-01-01,
CURATIVE J+1,LAVE VAISSELLE,CURATIVE J+1_LAVE VAISSELLE,EXPRESSO,0,Tarif normal,155,1,2000-01-01,
CURATIVE J+1,LAVE VAISSELLE,CURATIVE J+1_LAVE VAISSELLE,EXPRESSO,1,Remise niv1,116,1,2000-01-01,
CURATIVE J+1,LAVE VAISSELLE,CURATIVE J+1_LAVE VAISSELLE,EXPRESSO,1,Remise niv2,85,1,2000-01-01,
CURATIVE J+1,LAVE VAISSELLE,CURATIVE J+1_LAVE VAISSELLE,EXPRESSO,1,Tarif normal,155,1,2000-01-01,
CURATIVE J+2,LAVE VAISSELLE,CURATIVE J+2_LAVE VAISSELLE,EXPRESSO,0,Remise niv1,79,1,2000-01-01,
CURATIVE J+2,LAVE VAISSELLE,CURATIVE J+2_LAVE VAISSELLE,EXPRESSO,0,Remise niv2,58,1,2000-01-01,
CURATIVE J+2,LAVE VAISSELLE,CURATIVE J+2_LAVE VAISSELLE,EXPRESSO,0,Tarif normal,105,1,2000-01-01,
CURATIVE J+2,LAVE VAISSELLE,CURATIVE J+2_LAVE VAISSELLE,EXPRESSO,1,Remise niv1,79,1,2000-01-01,
CURATIVE J+2,LAVE VAISSELLE,CURATIVE J+2_LAVE VAISSELLE,EXPRESSO,1,Remise niv2,58,1,2000-01-01,
CURATIVE J+2,LAVE VAISSELLE,CURATIVE J+2_LAVE VAISSELLE,EXPRESSO,1,Tarif normal,105,1,2000-01-01,
CURATIVE,MILANO,CURATIVE_MILANO,EXPRESSO,0,Remise niv1,110,1,2000-01-01,
CURATIVE,MILANO,CURATIVE_MILANO,EXPRESSO,0,Remise niv2,110,1,2000-01-01,
CURATIVE,MILANO,CURATIVE_MILANO,EXPRESSO,0,Tarif normal,110,1,2000-01-01,
CURATIVE,MILANO,CURATIVE_MILANO,EXPRESSO,1,Remise niv1,110,1,2000-01-01,
CURATIVE,MILANO,CURATIVE_MILANO,EXPRESSO,1,Remise niv2,110,1,2000-01-01,
CURATIVE,MILANO,CURATIVE_MILANO,EXPRESSO,1,Tarif normal,110,1,2000-01-01,
CURATIVE J+2,MILANO,CURATIVE J+2_MILANO,EXPRESSO,0,Remise niv1,110,1,2000-01-01,
CURATIVE J+2,MILANO,CURATIVE J+2_MILANO,EXPRESSO,0,Remise niv2,110,1,2000-01-01,
CURATIVE J+2,MILANO,CURATIVE J+2_MILANO,EXPRESSO,0,Tarif normal,110,1,2000-01-01,
CURATIVE J+2,MILANO,CURATIVE J+2_MILANO,EXPRESSO,1,Remise niv1,110,1,2000-01-01,
CURATIVE J+2,MILANO,CURATIVE J+2_MILANO,EXPRESSO,1,Remise niv2,110,1,2000-01-01,
CURATIVE J+2,MILANO,CURATIVE J+2_MILANO,EXPRESSO,1,Tarif normal,110,1,2000-01-01,
DESINSTALLATION,LAVE VAISSELLE,DESINSTALLATION_LAVE VAISSELLE,EXPRESSO,0,Remise niv1,71,1,2000-01-01,
DESINSTALLATION,LAVE VAISSELLE,DESINSTALLATION_LAVE VAISSELLE,EXPRESSO,0,Remise niv2,52,1,2000-01-01,
DESINSTALLATION,LAVE VAISSELLE,DESINSTALLATION_LAVE VAISSELLE,EXPRESSO,0,Tarif normal,95,1,2000-01-01,
DESINSTALLATION,LAVE VAISSELLE,DESINSTALLATION_LAVE VAISSELLE,EXPRESSO,1,Remise niv1,71,1,2000-01-01,
DESINSTALLATION,LAVE VAISSELLE,DESINSTALLATION_LAVE VAISSELLE,EXPRESSO,1,Remise niv2,52,1,2000-01-01,
DESINSTALLATION,LAVE VAISSELLE,DESINSTALLATION_LAVE VAISSELLE,EXPRESSO,1,Tarif normal,95,1,2000-01-01,
INSTALLATION PROG - EXPRESSO,LAVE VAISSELLE,INSTALLATION PROG - EXPRESSO_LAVE VAISSELLE,EXPRESSO,0,Remise niv1,82,1,2000-01-01,
INSTALLATION PROG - EXPRESSO,LAVE VAISSELLE,INSTALLATION PROG - EXPRESSO_LAVE VAISSELLE,EXPRESSO,0,Remise niv2,82,1,2000-01-01,
INSTALLATION PROG - EXPRESSO,LAVE VAISSELLE,INSTALLATION PROG - EXPRESSO_LAVE VAISSELLE,EXPRESSO,0,Tarif normal,82,1,2000-01-01,
INSTALLATION PROG - EXPRESSO,LAVE VAISSELLE,INSTALLATION PROG - EXPRESSO_LAVE VAISSELLE,EXPRESSO,1,Remise niv1,82,1,2000-01-01,
INSTALLATION PROG - EXPRESSO,LAVE VAISSELLE,INSTALLATION PROG - EXPRESSO_LAVE VAISSELLE,EXPRESSO,1,Remise niv2,82,1,2000-01-01,
INSTALLATION PROG - EXPRESSO,LAVE VAISSELLE,INSTALLATION PROG - EXPRESSO_LAVE VAISSELLE,EXPRESSO,1,Tarif normal,82,1,2000-01-01,
INSTALLATION PROG - EXPRESSO,MILANO,INSTALLATION PROG - EXPRESSO_MILANO,EXPRESSO,0,Remise niv1,82,1,2000-01-01,
INSTALLATION PROG - EXPRESSO,MILANO,INSTALLATION PROG - EXPRESSO_MILANO,EXPRESSO,0,Remise niv2,82,1,2000-01-01,
INSTALLATION PROG - EXPRESSO,MILANO,INSTALLATION PROG - EXPRESSO_MILANO,EXPRESSO,0,Tarif normal,82,1,2000-01-01,
INSTALLATION PROG - EXPRESSO,MILANO,INSTALLATION PROG - EXPRESSO_MILANO,EXPRESSO,1,Remise niv1,82,1,2000-01-01,
INSTALLATION PROG - EXPRESSO,MILANO,INSTALLATION PROG - EXPRESSO_MILANO,EXPRESSO,1,Remise niv2,82,1,2000-01-01,
INSTALLATION PROG - EXPRESSO,MILANO,INSTALLATION PROG - EXPRESSO_MILANO,EXPRESSO,1,Tarif normal,82,1,2000-01-01,
INSTALLATION,LAVE VAISSELLE,INSTALLATION_LAVE VAISSELLE,EXPRESSO,0,Remise niv1,86,1,2000-01-01,
INSTALLATION,LAVE VAISSELLE,INSTALLATION_LAVE VAISSELLE,EXPRESSO,0,Remise niv2,63,1,2000-01-01,
INSTALLATION,LAVE VAISSELLE,INSTALLATION_LAVE VAISSELLE,EXPRESSO,0,Tarif normal,115,1,2000-01-01,
INSTALLATION,LAVE VAISSELLE,INSTALLATION_LAVE VAISSELLE,EXPRESSO,1,Remise niv1,86,1,2000-01-01,
INSTALLATION,LAVE VAISSELLE,INSTALLATION_LAVE VAISSELLE,EXPRESSO,1,Remise niv2,63,1,2000-01-01,
INSTALLATION,LAVE VAISSELLE,INSTALLATION_LAVE VAISSELLE,EXPRESSO,1,Tarif normal,115,1,2000-01-01,
PREVENTIVE,LAVE VAISSELLE,PREVENTIVE_LAVE VAISSELLE,EXPRESSO,0,Remise niv1,71,1,2000-01-01,
PREVENTIVE,LAVE VAISSELLE,PREVENTIVE_LAVE VAISSELLE,EXPRESSO,0,Remise niv2,52,1,2000-01-01,
PREVENTIVE,LAVE VAISSELLE,PREVENTIVE_LAVE VAISSELLE,EXPRESSO,0,Tarif normal,95,1,2000-01-01,
PREVENTIVE,MILANO,PREVENTIVE_MILANO,EXPRESSO,1,Remise niv1,82,1,2000-01-01,
PREVENTIVE,MILANO,PREVENTIVE_MILANO,EXPRESSO,1,Remise niv2,82,1,2000-01-01,
PREVENTIVE,MILANO,PREVENTIVE_MILANO,EXPRESSO,1,Tarif normal,82,1,2000-01-01,
PREVENTIVE,MILANO,PREVENTIVE_MILANO,EXPRESSO,0,Remise niv1,87,1,2000-01-01,
PREVENTIVE,MILANO,PREVENTIVE_MILANO,EXPRESSO,0,Remise niv2,87,1,2000-01-01,
PREVENTIVE,MILANO,PREVENTIVE_MILANO,EXPRESSO,0,Tarif normal,87,1,2000-01-01,
CURATIVE,FONTAINE A EAU,CURATIVE_FONTAINE A EAU,FONTAINCO,0,Remise niv1,120,1,2000-01-01,
CURATIVE,FONTAINE A EAU,CURATIVE_FONTAINE A EAU,FONTAINCO,0,Remise niv2,98,1,2000-01-01,
CURATIVE,FONTAINE A EAU,CURATIVE_FONTAINE A EAU,FONTAINCO,0,Tarif normal,150,1,2000-01-01,
CURATIVE,FONTAINE A EAU,CURATIVE_FONTAINE A EAU,FONTAINCO,1,Remise niv1,96,1,2000-01-01,
CURATIVE,FONTAINE A EAU,CURATIVE_FONTAINE A EAU,FONTAINCO,1,Remise niv2,77,1,2000-01-01,
CURATIVE,FONTAINE A EAU,CURATIVE_FONTAINE A EAU,FONTAINCO,1,Tarif normal,120,1,2000-01-01,
DESINSTALLATION,FONTAINE A EAU,DESINSTALLATION_FONTAINE A EAU,FONTAINCO,0,Remise niv1,120,1,2000-01-01,
DESINSTALLATION,FONTAINE A EAU,DESINSTALLATION_FONTAINE A EAU,FONTAINCO,0,Remise niv2,98,1,2000-01-01,
DESINSTALLATION,FONTAINE A EAU,DESINSTALLATION_FONTAINE A EAU,FONTAINCO,0,Tarif normal,150,1,2000-01-01,
DESINSTALLATION,FONTAINE A EAU,DESINSTALLATION_FONTAINE A EAU,FONTAINCO,1,Remise niv1,96,1,2000-01-01,
DESINSTALLATION,FONTAINE A EAU,DESINSTALLATION_FONTAINE A EAU,FONTAINCO,1,Remise niv2,77,1,2000-01-01,
DESINSTALLATION,FONTAINE A EAU,DESINSTALLATION_FONTAINE A EAU,FONTAINCO,1,Tarif normal,120,1,2000-01-01,
INSTALLATION SOUS COMPTOIR,FONTAINE A EAU,INSTALLATION SOUS COMPTOIR_FONTAINE A EAU,FONTAINCO,0,Remise niv1,176,1,2000-01-01,
INSTALLATION SOUS COMPTOIR,FONTAINE A EAU,INSTALLATION SOUS COMPTOIR_FONTAINE A EAU,FONTAINCO,0,Remise niv2,143,1,2000-01-01,
INSTALLATION SOUS COMPTOIR,FONTAINE A EAU,INSTALLATION SOUS COMPTOIR_FONTAINE A EAU,FONTAINCO,0,Tarif normal,220,1,2000-01-01,
INSTALLATION SOUS COMPTOIR,FONTAINE A EAU,INSTALLATION SOUS COMPTOIR_FONTAINE A EAU,FONTAINCO,1,Remise niv1,152,1,2000-01-01,
INSTALLATION SOUS COMPTOIR,FONTAINE A EAU,INSTALLATION SOUS COMPTOIR_FONTAINE A EAU,FONTAINCO,1,Remise niv2,124,1,2000-01-01,
INSTALLATION SOUS COMPTOIR,FONTAINE A EAU,INSTALLATION SOUS COMPTOIR_FONTAINE A EAU,FONTAINCO,1,Tarif normal,190,1,2000-01-01,
INSTALLATION,FONTAINE A EAU,INSTALLATION_FONTAINE A EAU,FONTAINCO,0,Remise niv1,96,1,2000-01-01,
INSTALLATION,FONTAINE A EAU,INSTALLATION_FONTAINE A EAU,FONTAINCO,0,Remise niv2,77,1,2000-01-01,
INSTALLATION,FONTAINE A EAU,INSTALLATION_FONTAINE A EAU,FONTAINCO,0,Tarif normal,120,1,2000-01-01,
INSTALLATION,FONTAINE A EAU,INSTALLATION_FONTAINE A EAU,FONTAINCO,1,Remise niv1,120,1,2000-01-01,
INSTALLATION,FONTAINE A EAU,INSTALLATION_FONTAINE A EAU,FONTAINCO,1,Remise niv2,98,1,2000-01-01,
INSTALLATION,FONTAINE A EAU,INSTALLATION_FONTAINE A EAU,FONTAINCO,1,Tarif normal,150,1,2000-01-01,
LIVRAISON,FONTAINE A EAU,LIVRAISON_FONTAINE A EAU,FONTAINCO,0,Remise niv1,15,1,2000-01-01,
LIVRAISON,FONTAINE A EAU,LIVRAISON_FONTAINE A EAU,FONTAINCO,0,Remise niv2,11,1,2000-01-01,
LIVRAISON,FONTAINE A EAU,LIVRAISON_FONTAINE A EAU,FONTAINCO,0,Tarif normal,20,1,2000-01-01,
LIVRAISON,FONTAINE A EAU,LIVRAISON_FONTAINE A EAU,FONTAINCO,1,Remise niv1,15,1,2000-01-01,
LIVRAISON,FONTAINE A EAU,LIVRAISON_FONTAINE A EAU,FONTAINCO,1,Remise niv2,11,1,2000-01-01,
LIVRAISON,FONTAINE A EAU,LIVRAISON_FONTAINE A EAU,FONTAINCO,1,Tarif normal,20,1,2000-01-01,
PREVENTIVE,FONTAINE A EAU,PREVENTIVE_FONTAINE A EAU,FONTAINCO,0,Remise niv1,120,1,2000-01-01,
PREVENTIVE,FONTAINE A EAU,PREVENTIVE_FONTAINE A EAU,FONTAINCO,0,Remise niv2,98,1,2000-01-01,
PREVENTIVE,FONTAINE A EAU,PREVENTIVE_FONTAINE A EAU,FONTAINCO,0,Tarif normal,150,1,2000-01-01,
PREVENTIVE,FONTAINE A EAU,PREVENTIVE_FONTAINE A EAU,FONTAINCO,1,Remise niv1,96,1,2000-01-01,
PREVENTIVE,FONTAINE A EAU,PREVENTIVE_FONTAINE A EAU,FONTAINCO,1,Remise niv2,77,1,2000-01-01,
PREVENTIVE,FONTAINE A EAU,PREVENTIVE_FONTAINE A EAU,FONTAINCO,1,Tarif normal,120,1,2000-01-01,
CURATIVE,AGUILA2,CURATIVE_AGUILA2,NESHU,0,Remise niv1,170,2,2000-01-01,
CURATIVE,AGUILA2,CURATIVE_AGUILA2,NESHU,0,Remise niv2,170,2,2000-01-01,
CURATIVE,AGUILA2,CURATIVE_AGUILA2,NESHU,0,Tarif normal,170,2,2000-01-01,
CURATIVE,AGUILA2,CURATIVE_AGUILA2,NESHU,1,Remise niv1,170,2,2000-01-01,
CURATIVE,AGUILA2,CURATIVE_AGUILA2,NESHU,1,Remise niv2,170,2,2000-01-01,
CURATIVE,AGUILA2,CURATIVE_AGUILA2,NESHU,1,Tarif normal,170,2,2000-01-01,
CURATIVE,AGUILA4,CURATIVE_AGUILA4,NESHU,0,Remise niv1,170,2,2000-01-01,
CURATIVE,AGUILA4,CURATIVE_AGUILA4,NESHU,0,Remise niv2,170,2,2000-01-01,
CURATIVE,AGUILA4,CURATIVE_AGUILA4,NESHU,0,Tarif normal,170,2,2000-01-01,
CURATIVE,AGUILA4,CURATIVE_AGUILA4,NESHU,1,Remise niv1,170,2,2000-01-01,
CURATIVE,AGUILA4,CURATIVE_AGUILA4,NESHU,1,Remise niv2,170,2,2000-01-01,
CURATIVE,AGUILA4,CURATIVE_AGUILA4,NESHU,1,Tarif normal,170,2,2000-01-01,
CURATIVE,DISP GEMINI,CURATIVE_DISP GEMINI,NESHU,0,Remise niv1,110,1,2000-01-01,
CURATIVE,DISP GEMINI,CURATIVE_DISP GEMINI,NESHU,0,Remise niv2,110,1,2000-01-01,
CURATIVE,DISP GEMINI,CURATIVE_DISP GEMINI,NESHU,0,Tarif normal,110,1,2000-01-01,
CURATIVE,DISP GEMINI,CURATIVE_DISP GEMINI,NESHU,1,Remise niv1,110,1,2000-01-01,
CURATIVE,DISP GEMINI,CURATIVE_DISP GEMINI,NESHU,1,Remise niv2,110,1,2000-01-01,
CURATIVE,DISP GEMINI,CURATIVE_DISP GEMINI,NESHU,1,Tarif normal,110,1,2000-01-01,
CURATIVE,DISP MINI,CURATIVE_DISP MINI,NESHU,0,Remise niv1,110,1,2000-01-01,
CURATIVE,DISP MINI,CURATIVE_DISP MINI,NESHU,0,Remise niv2,110,1,2000-01-01,
CURATIVE,DISP MINI,CURATIVE_DISP MINI,NESHU,0,Tarif normal,110,1,2000-01-01,
CURATIVE,DISP MINI,CURATIVE_DISP MINI,NESHU,1,Remise niv1,110,1,2000-01-01,
CURATIVE,DISP MINI,CURATIVE_DISP MINI,NESHU,1,Remise niv2,110,1,2000-01-01,
CURATIVE,DISP MINI,CURATIVE_DISP MINI,NESHU,1,Tarif normal,110,1,2000-01-01,
CURATIVE,DISP SBS,CURATIVE_DISP SBS,NESHU,0,Remise niv1,110,1,2000-01-01,
CURATIVE,DISP SBS,CURATIVE_DISP SBS,NESHU,0,Remise niv2,110,1,2000-01-01,
CURATIVE,DISP SBS,CURATIVE_DISP SBS,NESHU,0,Tarif normal,110,1,2000-01-01,
CURATIVE,DISP SBS,CURATIVE_DISP SBS,NESHU,1,Remise niv1,110,1,2000-01-01,
CURATIVE,DISP SBS,CURATIVE_DISP SBS,NESHU,1,Remise niv2,110,1,2000-01-01,
CURATIVE,DISP SBS,CURATIVE_DISP SBS,NESHU,1,Tarif normal,110,1,2000-01-01,
CURATIVE,FONTAINE A EAU,CURATIVE_FONTAINE A EAU,NESHU,0,Remise niv1,115,1,2000-01-01,
CURATIVE,FONTAINE A EAU,CURATIVE_FONTAINE A EAU,NESHU,0,Remise niv2,115,1,2000-01-01,
CURATIVE,FONTAINE A EAU,CURATIVE_FONTAINE A EAU,NESHU,0,Tarif normal,115,1,2000-01-01,
CURATIVE,FONTAINE A EAU,CURATIVE_FONTAINE A EAU,NESHU,1,Remise niv1,115,1,2000-01-01,
CURATIVE,FONTAINE A EAU,CURATIVE_FONTAINE A EAU,NESHU,1,Remise niv2,115,1,2000-01-01,
CURATIVE,FONTAINE A EAU,CURATIVE_FONTAINE A EAU,NESHU,1,Tarif normal,115,1,2000-01-01,
CURATIVE,GEMINI,CURATIVE_GEMINI,NESHU,0,Remise niv1,110,1,2000-01-01,
CURATIVE,GEMINI,CURATIVE_GEMINI,NESHU,0,Remise niv2,110,1,2000-01-01,
CURATIVE,GEMINI,CURATIVE_GEMINI,NESHU,0,Tarif normal,110,1,2000-01-01,
CURATIVE,GEMINI,CURATIVE_GEMINI,NESHU,1,Remise niv1,110,1,2000-01-01,
CURATIVE,GEMINI,CURATIVE_GEMINI,NESHU,1,Remise niv2,110,1,2000-01-01,
CURATIVE,GEMINI,CURATIVE_GEMINI,NESHU,1,Tarif normal,110,1,2000-01-01,
CURATIVE,LAVE VERRES,CURATIVE_LAVE VERRES,NESHU,0,Remise niv1,105,1,2000-01-01,
CURATIVE,LAVE VERRES,CURATIVE_LAVE VERRES,NESHU,0,Remise niv2,105,1,2000-01-01,
CURATIVE,LAVE VERRES,CURATIVE_LAVE VERRES,NESHU,0,Tarif normal,105,1,2000-01-01,
CURATIVE,LAVE VERRES,CURATIVE_LAVE VERRES,NESHU,1,Remise niv1,105,1,2000-01-01,
CURATIVE,LAVE VERRES,CURATIVE_LAVE VERRES,NESHU,1,Remise niv2,105,1,2000-01-01,
CURATIVE,LAVE VERRES,CURATIVE_LAVE VERRES,NESHU,1,Tarif normal,105,1,2000-01-01,
CURATIVE,M100,CURATIVE_M100,NESHU,0,Remise niv1,110,1,2000-01-01,
CURATIVE,M100,CURATIVE_M100,NESHU,0,Remise niv2,110,1,2000-01-01,
CURATIVE,M100,CURATIVE_M100,NESHU,0,Tarif normal,110,1,2000-01-01,
CURATIVE,M100,CURATIVE_M100,NESHU,1,Remise niv1,110,1,2000-01-01,
CURATIVE,M100,CURATIVE_M100,NESHU,1,Remise niv2,110,1,2000-01-01,
CURATIVE,M100,CURATIVE_M100,NESHU,1,Tarif normal,110,1,2000-01-01,
CURATIVE,M200,CURATIVE_M200,NESHU,0,Remise niv1,110,1,2000-01-01,
CURATIVE,M200,CURATIVE_M200,NESHU,0,Remise niv2,110,1,2000-01-01,
CURATIVE,M200,CURATIVE_M200,NESHU,0,Tarif normal,110,1,2000-01-01,
CURATIVE,M200,CURATIVE_M200,NESHU,1,Remise niv1,110,1,2000-01-01,
CURATIVE,M200,CURATIVE_M200,NESHU,1,Remise niv2,110,1,2000-01-01,
CURATIVE,M200,CURATIVE_M200,NESHU,1,Tarif normal,110,1,2000-01-01,
CURATIVE,MILANO,CURATIVE_MILANO,NESHU,0,Remise niv1,110,1,2000-01-01,
CURATIVE,MILANO,CURATIVE_MILANO,NESHU,0,Remise niv2,110,1,2000-01-01,
CURATIVE,MILANO,CURATIVE_MILANO,NESHU,0,Tarif normal,110,1,2000-01-01,
CURATIVE,MILANO,CURATIVE_MILANO,NESHU,1,Remise niv1,110,1,2000-01-01,
CURATIVE,MILANO,CURATIVE_MILANO,NESHU,1,Remise niv2,110,1,2000-01-01,
CURATIVE,MILANO,CURATIVE_MILANO,NESHU,1,Tarif normal,110,1,2000-01-01,
CURATIVE,MINITOW,CURATIVE_MINITOW,NESHU,0,Remise niv1,110,1,2000-01-01,
CURATIVE,MINITOW,CURATIVE_MINITOW,NESHU,0,Remise niv2,110,1,2000-01-01,
CURATIVE,MINITOW,CURATIVE_MINITOW,NESHU,0,Tarif normal,110,1,2000-01-01,
CURATIVE,MINITOW,CURATIVE_MINITOW,NESHU,1,Remise niv1,110,1,2000-01-01,
CURATIVE,MINITOW,CURATIVE_MINITOW,NESHU,1,Remise niv2,110,1,2000-01-01,
CURATIVE,MINITOW,CURATIVE_MINITOW,NESHU,1,Tarif normal,110,1,2000-01-01,
CURATIVE,MODULOTHE,CURATIVE_MODULOTHE,NESHU,0,Remise niv1,110,1,2000-01-01,
CURATIVE,MODULOTHE,CURATIVE_MODULOTHE,NESHU,0,Remise niv2,110,1,2000-01-01,
CURATIVE,MODULOTHE,CURATIVE_MODULOTHE,NESHU,0,Tarif normal,110,1,2000-01-01,
CURATIVE,MODULOTHE,CURATIVE_MODULOTHE,NESHU,1,Remise niv1,110,1,2000-01-01,
CURATIVE,MODULOTHE,CURATIVE_MODULOTHE,NESHU,1,Remise niv2,110,1,2000-01-01,
CURATIVE,MODULOTHE,CURATIVE_MODULOTHE,NESHU,1,Tarif normal,110,1,2000-01-01,
CURATIVE,SNACKING,CURATIVE_SNACKING,NESHU,0,Remise niv1,110,1,2000-01-01,
CURATIVE,SNACKING,CURATIVE_SNACKING,NESHU,0,Remise niv2,110,1,2000-01-01,
CURATIVE,SNACKING,CURATIVE_SNACKING,NESHU,0,Tarif normal,110,1,2000-01-01,
CURATIVE,SNACKING,CURATIVE_SNACKING,NESHU,1,Remise niv1,110,1,2000-01-01,
CURATIVE,SNACKING,CURATIVE_SNACKING,NESHU,1,Remise niv2,110,1,2000-01-01,
CURATIVE,SNACKING,CURATIVE_SNACKING,NESHU,1,Tarif normal,110,1,2000-01-01,
CURATIVE,TOWER GEMINI,CURATIVE_TOWER GEMINI,NESHU,0,Remise niv1,110,1,2000-01-01,
CURATIVE,TOWER GEMINI,CURATIVE_TOWER GEMINI,NESHU,0,Remise niv2,110,1,2000-01-01,
CURATIVE,TOWER GEMINI,CURATIVE_TOWER GEMINI,NESHU,0,Tarif normal,110,1,2000-01-01,
CURATIVE,TOWER GEMINI,CURATIVE_TOWER GEMINI,NESHU,1,Remise niv1,110,1,2000-01-01,
CURATIVE,TOWER GEMINI,CURATIVE_TOWER GEMINI,NESHU,1,Remise niv2,110,1,2000-01-01,
CURATIVE,TOWER GEMINI,CURATIVE_TOWER GEMINI,NESHU,1,Tarif normal,110,1,2000-01-01,
CURATIVE,ZENIUS,CURATIVE_ZENIUS,NESHU,0,Remise niv1,110,1,2000-01-01,
CURATIVE,ZENIUS,CURATIVE_ZENIUS,NESHU,0,Remise niv2,110,1,2000-01-01,
CURATIVE,ZENIUS,CURATIVE_ZENIUS,NESHU,0,Tarif normal,110,1,2000-01-01,
CURATIVE,ZENIUS,CURATIVE_ZENIUS,NESHU,1,Remise niv1,110,1,2000-01-01,
CURATIVE,ZENIUS,CURATIVE_ZENIUS,NESHU,1,Remise niv2,110,1,2000-01-01,
CURATIVE,ZENIUS,CURATIVE_ZENIUS,NESHU,1,Tarif normal,110,1,2000-01-01,
DESINSTALLATION,AGUILA2,DESINSTALLATION_AGUILA2,NESHU,0,Remise niv1,350,1,2000-01-01,
DESINSTALLATION,AGUILA2,DESINSTALLATION_AGUILA2,NESHU,0,Remise niv2,350,1,2000-01-01,
DESINSTALLATION,AGUILA2,DESINSTALLATION_AGUILA2,NESHU,0,Tarif normal,350,1,2000-01-01,
DESINSTALLATION,AGUILA2,DESINSTALLATION_AGUILA2,NESHU,1,Remise niv1,350,1,2000-01-01,
DESINSTALLATION,AGUILA2,DESINSTALLATION_AGUILA2,NESHU,1,Remise niv2,350,1,2000-01-01,
DESINSTALLATION,AGUILA2,DESINSTALLATION_AGUILA2,NESHU,1,Tarif normal,350,1,2000-01-01,
DESINSTALLATION,AGUILA4,DESINSTALLATION_AGUILA4,NESHU,0,Remise niv1,350,1,2000-01-01,
DESINSTALLATION,AGUILA4,DESINSTALLATION_AGUILA4,NESHU,0,Remise niv2,350,1,2000-01-01,
DESINSTALLATION,AGUILA4,DESINSTALLATION_AGUILA4,NESHU,0,Tarif normal,350,1,2000-01-01,
DESINSTALLATION,AGUILA4,DESINSTALLATION_AGUILA4,NESHU,1,Remise niv1,350,1,2000-01-01,
DESINSTALLATION,AGUILA4,DESINSTALLATION_AGUILA4,NESHU,1,Remise niv2,350,1,2000-01-01,
DESINSTALLATION,AGUILA4,DESINSTALLATION_AGUILA4,NESHU,1,Tarif normal,350,1,2000-01-01,
DESINSTALLATION,DISP GEMINI,DESINSTALLATION_DISP GEMINI,NESHU,0,Remise niv1,82,1,2000-01-01,
DESINSTALLATION,DISP GEMINI,DESINSTALLATION_DISP GEMINI,NESHU,0,Remise niv2,82,1,2000-01-01,
DESINSTALLATION,DISP GEMINI,DESINSTALLATION_DISP GEMINI,NESHU,0,Tarif normal,82,1,2000-01-01,
DESINSTALLATION,DISP GEMINI,DESINSTALLATION_DISP GEMINI,NESHU,1,Remise niv1,82,1,2000-01-01,
DESINSTALLATION,DISP GEMINI,DESINSTALLATION_DISP GEMINI,NESHU,1,Remise niv2,82,1,2000-01-01,
DESINSTALLATION,DISP GEMINI,DESINSTALLATION_DISP GEMINI,NESHU,1,Tarif normal,82,1,2000-01-01,
DESINSTALLATION,DISP MINI,DESINSTALLATION_DISP MINI,NESHU,0,Remise niv1,275,1,2000-01-01,
DESINSTALLATION,DISP MINI,DESINSTALLATION_DISP MINI,NESHU,0,Remise niv2,275,1,2000-01-01,
DESINSTALLATION,DISP MINI,DESINSTALLATION_DISP MINI,NESHU,0,Tarif normal,275,1,2000-01-01,
DESINSTALLATION,DISP MINI,DESINSTALLATION_DISP MINI,NESHU,1,Remise niv1,275,1,2000-01-01,
DESINSTALLATION,DISP MINI,DESINSTALLATION_DISP MINI,NESHU,1,Remise niv2,275,1,2000-01-01,
DESINSTALLATION,DISP MINI,DESINSTALLATION_DISP MINI,NESHU,1,Tarif normal,275,1,2000-01-01,
DESINSTALLATION,DISP SBS,DESINSTALLATION_DISP SBS,NESHU,0,Remise niv1,82,1,2000-01-01,
DESINSTALLATION,DISP SBS,DESINSTALLATION_DISP SBS,NESHU,0,Remise niv2,82,1,2000-01-01,
DESINSTALLATION,DISP SBS,DESINSTALLATION_DISP SBS,NESHU,0,Tarif normal,82,1,2000-01-01,
DESINSTALLATION,DISP SBS,DESINSTALLATION_DISP SBS,NESHU,1,Remise niv1,82,1,2000-01-01,
DESINSTALLATION,DISP SBS,DESINSTALLATION_DISP SBS,NESHU,1,Remise niv2,82,1,2000-01-01,
DESINSTALLATION,DISP SBS,DESINSTALLATION_DISP SBS,NESHU,1,Tarif normal,82,1,2000-01-01,
DESINSTALLATION,FONTAINE A EAU,DESINSTALLATION_FONTAINE A EAU,NESHU,0,Remise niv1,140,1,2000-01-01,
DESINSTALLATION,FONTAINE A EAU,DESINSTALLATION_FONTAINE A EAU,NESHU,0,Remise niv2,140,1,2000-01-01,
DESINSTALLATION,FONTAINE A EAU,DESINSTALLATION_FONTAINE A EAU,NESHU,0,Tarif normal,140,1,2000-01-01,
DESINSTALLATION,FONTAINE A EAU,DESINSTALLATION_FONTAINE A EAU,NESHU,1,Remise niv1,140,1,2000-01-01,
DESINSTALLATION,FONTAINE A EAU,DESINSTALLATION_FONTAINE A EAU,NESHU,1,Remise niv2,140,1,2000-01-01,
DESINSTALLATION,FONTAINE A EAU,DESINSTALLATION_FONTAINE A EAU,NESHU,1,Tarif normal,140,1,2000-01-01,
DESINSTALLATION,GEMINI,DESINSTALLATION_GEMINI,NESHU,0,Remise niv1,82,1,2000-01-01,
DESINSTALLATION,GEMINI,DESINSTALLATION_GEMINI,NESHU,0,Remise niv2,82,1,2000-01-01,
DESINSTALLATION,GEMINI,DESINSTALLATION_GEMINI,NESHU,0,Tarif normal,82,1,2000-01-01,
DESINSTALLATION,GEMINI,DESINSTALLATION_GEMINI,NESHU,1,Remise niv1,82,1,2000-01-01,
DESINSTALLATION,GEMINI,DESINSTALLATION_GEMINI,NESHU,1,Remise niv2,82,1,2000-01-01,
DESINSTALLATION,GEMINI,DESINSTALLATION_GEMINI,NESHU,1,Tarif normal,82,1,2000-01-01,
DESINSTALLATION,LAVE VERRES,DESINSTALLATION_LAVE VERRES,NESHU,0,Remise niv1,94,1,2000-01-01,
DESINSTALLATION,LAVE VERRES,DESINSTALLATION_LAVE VERRES,NESHU,0,Remise niv2,69,1,2000-01-01,
DESINSTALLATION,LAVE VERRES,DESINSTALLATION_LAVE VERRES,NESHU,0,Tarif normal,125,1,2000-01-01,
DESINSTALLATION,LAVE VERRES,DESINSTALLATION_LAVE VERRES,NESHU,1,Remise niv1,71,1,2000-01-01,
DESINSTALLATION,LAVE VERRES,DESINSTALLATION_LAVE VERRES,NESHU,1,Remise niv2,52,1,2000-01-01,
DESINSTALLATION,LAVE VERRES,DESINSTALLATION_LAVE VERRES,NESHU,1,Tarif normal,95,1,2000-01-01,
DESINSTALLATION,M100,DESINSTALLATION_M100,NESHU,0,Remise niv1,110,1,2000-01-01,
DESINSTALLATION,M100,DESINSTALLATION_M100,NESHU,0,Remise niv2,110,1,2000-01-01,
DESINSTALLATION,M100,DESINSTALLATION_M100,NESHU,0,Tarif normal,110,1,2000-01-01,
DESINSTALLATION,M100,DESINSTALLATION_M100,NESHU,1,Remise niv1,110,1,2000-01-01,
DESINSTALLATION,M100,DESINSTALLATION_M100,NESHU,1,Remise niv2,110,1,2000-01-01,
DESINSTALLATION,M100,DESINSTALLATION_M100,NESHU,1,Tarif normal,110,1,2000-01-01,
DESINSTALLATION,M200,DESINSTALLATION_M200,NESHU,0,Remise niv1,110,1,2000-01-01,
DESINSTALLATION,M200,DESINSTALLATION_M200,NESHU,0,Remise niv2,110,1,2000-01-01,
DESINSTALLATION,M200,DESINSTALLATION_M200,NESHU,0,Tarif normal,110,1,2000-01-01,
DESINSTALLATION,M200,DESINSTALLATION_M200,NESHU,1,Remise niv1,110,1,2000-01-01,
DESINSTALLATION,M200,DESINSTALLATION_M200,NESHU,1,Remise niv2,110,1,2000-01-01,
DESINSTALLATION,M200,DESINSTALLATION_M200,NESHU,1,Tarif normal,110,1,2000-01-01,
DESINSTALLATION,MILANO,DESINSTALLATION_MILANO,NESHU,0,Remise niv1,82,1,2000-01-01,
DESINSTALLATION,MILANO,DESINSTALLATION_MILANO,NESHU,0,Remise niv2,82,1,2000-01-01,
DESINSTALLATION,MILANO,DESINSTALLATION_MILANO,NESHU,0,Tarif normal,82,1,2000-01-01,
DESINSTALLATION,MILANO,DESINSTALLATION_MILANO,NESHU,1,Remise niv1,82,1,2000-01-01,
DESINSTALLATION,MILANO,DESINSTALLATION_MILANO,NESHU,1,Remise niv2,82,1,2000-01-01,
DESINSTALLATION,MILANO,DESINSTALLATION_MILANO,NESHU,1,Tarif normal,82,1,2000-01-01,
DESINSTALLATION,MINITOW,DESINSTALLATION_MINITOW,NESHU,0,Remise niv1,275,1,2000-01-01,
DESINSTALLATION,MINITOW,DESINSTALLATION_MINITOW,NESHU,0,Remise niv2,275,1,2000-01-01,
DESINSTALLATION,MINITOW,DESINSTALLATION_MINITOW,NESHU,0,Tarif normal,275,1,2000-01-01,
DESINSTALLATION,MINITOW,DESINSTALLATION_MINITOW,NESHU,1,Remise niv1,275,1,2000-01-01,
DESINSTALLATION,MINITOW,DESINSTALLATION_MINITOW,NESHU,1,Remise niv2,275,1,2000-01-01,
DESINSTALLATION,MINITOW,DESINSTALLATION_MINITOW,NESHU,1,Tarif normal,275,1,2000-01-01,
DESINSTALLATION,MODULOTHE,DESINSTALLATION_MODULOTHE,NESHU,0,Remise niv1,82,1,2000-01-01,
DESINSTALLATION,MODULOTHE,DESINSTALLATION_MODULOTHE,NESHU,0,Remise niv2,82,1,2000-01-01,
DESINSTALLATION,MODULOTHE,DESINSTALLATION_MODULOTHE,NESHU,0,Tarif normal,82,1,2000-01-01,
DESINSTALLATION,MODULOTHE,DESINSTALLATION_MODULOTHE,NESHU,1,Remise niv1,82,1,2000-01-01,
DESINSTALLATION,MODULOTHE,DESINSTALLATION_MODULOTHE,NESHU,1,Remise niv2,82,1,2000-01-01,
DESINSTALLATION,MODULOTHE,DESINSTALLATION_MODULOTHE,NESHU,1,Tarif normal,82,1,2000-01-01,
DESINSTALLATION,SNACKING,DESINSTALLATION_SNACKING,NESHU,0,Remise niv1,82,1,2000-01-01,
DESINSTALLATION,SNACKING,DESINSTALLATION_SNACKING,NESHU,0,Remise niv2,82,1,2000-01-01,
DESINSTALLATION,SNACKING,DESINSTALLATION_SNACKING,NESHU,0,Tarif normal,82,1,2000-01-01,
DESINSTALLATION,SNACKING,DESINSTALLATION_SNACKING,NESHU,1,Remise niv1,82,1,2000-01-01,
DESINSTALLATION,SNACKING,DESINSTALLATION_SNACKING,NESHU,1,Remise niv2,82,1,2000-01-01,
DESINSTALLATION,SNACKING,DESINSTALLATION_SNACKING,NESHU,1,Tarif normal,82,1,2000-01-01,
DESINSTALLATION,TOWER GEMINI,DESINSTALLATION_TOWER GEMINI,NESHU,0,Remise niv1,82,1,2000-01-01,
DESINSTALLATION,TOWER GEMINI,DESINSTALLATION_TOWER GEMINI,NESHU,0,Remise niv2,82,1,2000-01-01,
DESINSTALLATION,TOWER GEMINI,DESINSTALLATION_TOWER GEMINI,NESHU,0,Tarif normal,82,1,2000-01-01,
DESINSTALLATION,TOWER GEMINI,DESINSTALLATION_TOWER GEMINI,NESHU,1,Remise niv1,82,1,2000-01-01,
DESINSTALLATION,TOWER GEMINI,DESINSTALLATION_TOWER GEMINI,NESHU,1,Remise niv2,82,1,2000-01-01,
DESINSTALLATION,TOWER GEMINI,DESINSTALLATION_TOWER GEMINI,NESHU,1,Tarif normal,82,1,2000-01-01,
DESINSTALLATION,ZENIUS,DESINSTALLATION_ZENIUS,NESHU,0,Remise niv1,82,1,2000-01-01,
DESINSTALLATION,ZENIUS,DESINSTALLATION_ZENIUS,NESHU,0,Remise niv2,82,1,2000-01-01,
DESINSTALLATION,ZENIUS,DESINSTALLATION_ZENIUS,NESHU,0,Tarif normal,82,1,2000-01-01,
DESINSTALLATION,ZENIUS,DESINSTALLATION_ZENIUS,NESHU,1,Remise niv1,82,1,2000-01-01,
DESINSTALLATION,ZENIUS,DESINSTALLATION_ZENIUS,NESHU,1,Remise niv2,82,1,2000-01-01,
DESINSTALLATION,ZENIUS,DESINSTALLATION_ZENIUS,NESHU,1,Tarif normal,82,1,2000-01-01,
INSTALLATION,AGUILA2,INSTALLATION_AGUILA2,NESHU,0,Remise niv1,350,3,2000-01-01,
INSTALLATION,AGUILA2,INSTALLATION_AGUILA2,NESHU,0,Remise niv2,350,3,2000-01-01,
INSTALLATION,AGUILA2,INSTALLATION_AGUILA2,NESHU,0,Tarif normal,350,3,2000-01-01,
INSTALLATION,AGUILA2,INSTALLATION_AGUILA2,NESHU,1,Remise niv1,350,3,2000-01-01,
INSTALLATION,AGUILA2,INSTALLATION_AGUILA2,NESHU,1,Remise niv2,350,3,2000-01-01,
INSTALLATION,AGUILA2,INSTALLATION_AGUILA2,NESHU,1,Tarif normal,350,3,2000-01-01,
INSTALLATION,AGUILA4,INSTALLATION_AGUILA4,NESHU,0,Remise niv1,350,3,2000-01-01,
INSTALLATION,AGUILA4,INSTALLATION_AGUILA4,NESHU,0,Remise niv2,350,3,2000-01-01,
INSTALLATION,AGUILA4,INSTALLATION_AGUILA4,NESHU,0,Tarif normal,350,3,2000-01-01,
INSTALLATION,AGUILA4,INSTALLATION_AGUILA4,NESHU,1,Remise niv1,350,3,2000-01-01,
INSTALLATION,AGUILA4,INSTALLATION_AGUILA4,NESHU,1,Remise niv2,350,3,2000-01-01,
INSTALLATION,AGUILA4,INSTALLATION_AGUILA4,NESHU,1,Tarif normal,350,3,2000-01-01,
INSTALLATION,DISP GEMINI,INSTALLATION_DISP GEMINI,NESHU,0,Remise niv1,82,1,2000-01-01,
INSTALLATION,DISP GEMINI,INSTALLATION_DISP GEMINI,NESHU,0,Remise niv2,82,1,2000-01-01,
INSTALLATION,DISP GEMINI,INSTALLATION_DISP GEMINI,NESHU,0,Tarif normal,82,1,2000-01-01,
INSTALLATION,DISP GEMINI,INSTALLATION_DISP GEMINI,NESHU,1,Remise niv1,82,1,2000-01-01,
INSTALLATION,DISP GEMINI,INSTALLATION_DISP GEMINI,NESHU,1,Remise niv2,82,1,2000-01-01,
INSTALLATION,DISP GEMINI,INSTALLATION_DISP GEMINI,NESHU,1,Tarif normal,82,1,2000-01-01,
INSTALLATION,DISP MINI,INSTALLATION_DISP MINI,NESHU,0,Remise niv1,275,2,2000-01-01,
INSTALLATION,DISP MINI,INSTALLATION_DISP MINI,NESHU,0,Remise niv2,275,2,2000-01-01,
INSTALLATION,DISP MINI,INSTALLATION_DISP MINI,NESHU,0,Tarif normal,275,2,2000-01-01,
INSTALLATION,DISP MINI,INSTALLATION_DISP MINI,NESHU,1,Remise niv1,275,2,2000-01-01,
INSTALLATION,DISP MINI,INSTALLATION_DISP MINI,NESHU,1,Remise niv2,275,2,2000-01-01,
INSTALLATION,DISP MINI,INSTALLATION_DISP MINI,NESHU,1,Tarif normal,275,2,2000-01-01,
INSTALLATION,DISP SBS,INSTALLATION_DISP SBS,NESHU,0,Remise niv1,82,1,2000-01-01,
INSTALLATION,DISP SBS,INSTALLATION_DISP SBS,NESHU,0,Remise niv2,82,1,2000-01-01,
INSTALLATION,DISP SBS,INSTALLATION_DISP SBS,NESHU,0,Tarif normal,82,1,2000-01-01,
INSTALLATION,DISP SBS,INSTALLATION_DISP SBS,NESHU,1,Remise niv1,82,1,2000-01-01,
INSTALLATION,DISP SBS,INSTALLATION_DISP SBS,NESHU,1,Remise niv2,82,1,2000-01-01,
INSTALLATION,DISP SBS,INSTALLATION_DISP SBS,NESHU,1,Tarif normal,82,1,2000-01-01,
INSTALLATION,FONTAINE A EAU,INSTALLATION_FONTAINE A EAU,NESHU,0,Remise niv1,140,1,2000-01-01,
INSTALLATION,FONTAINE A EAU,INSTALLATION_FONTAINE A EAU,NESHU,0,Remise niv2,140,1,2000-01-01,
INSTALLATION,FONTAINE A EAU,INSTALLATION_FONTAINE A EAU,NESHU,0,Tarif normal,140,1,2000-01-01,
INSTALLATION,FONTAINE A EAU,INSTALLATION_FONTAINE A EAU,NESHU,1,Remise niv1,140,1,2000-01-01,
INSTALLATION,FONTAINE A EAU,INSTALLATION_FONTAINE A EAU,NESHU,1,Remise niv2,140,1,2000-01-01,
INSTALLATION,FONTAINE A EAU,INSTALLATION_FONTAINE A EAU,NESHU,1,Tarif normal,140,1,2000-01-01,
INSTALLATION,GEMINI,INSTALLATION_GEMINI,NESHU,0,Remise niv1,82,1,2000-01-01,
INSTALLATION,GEMINI,INSTALLATION_GEMINI,NESHU,0,Remise niv2,82,1,2000-01-01,
INSTALLATION,GEMINI,INSTALLATION_GEMINI,NESHU,0,Tarif normal,82,1,2000-01-01,
INSTALLATION,GEMINI,INSTALLATION_GEMINI,NESHU,1,Remise niv1,82,1,2000-01-01,
INSTALLATION,GEMINI,INSTALLATION_GEMINI,NESHU,1,Remise niv2,82,1,2000-01-01,
INSTALLATION,GEMINI,INSTALLATION_GEMINI,NESHU,1,Tarif normal,82,1,2000-01-01,
INSTALLATION,LAVE VERRES,INSTALLATION_LAVE VERRES,NESHU,1,Remise niv1,86,1,2000-01-01,
INSTALLATION,LAVE VERRES,INSTALLATION_LAVE VERRES,NESHU,1,Remise niv2,63,1,2000-01-01,
INSTALLATION,LAVE VERRES,INSTALLATION_LAVE VERRES,NESHU,1,Tarif normal,115,1,2000-01-01,
INSTALLATION,M100,INSTALLATION_M100,NESHU,0,Remise niv1,82,1,2000-01-01,
INSTALLATION,M100,INSTALLATION_M100,NESHU,0,Remise niv2,82,1,2000-01-01,
INSTALLATION,M100,INSTALLATION_M100,NESHU,0,Tarif normal,82,1,2000-01-01,
INSTALLATION,M100,INSTALLATION_M100,NESHU,1,Remise niv1,82,1,2000-01-01,
INSTALLATION,M100,INSTALLATION_M100,NESHU,1,Remise niv2,82,1,2000-01-01,
INSTALLATION,M100,INSTALLATION_M100,NESHU,1,Tarif normal,82,1,2000-01-01,
INSTALLATION,M200,INSTALLATION_M200,NESHU,0,Remise niv1,82,1,2000-01-01,
INSTALLATION,M200,INSTALLATION_M200,NESHU,0,Remise niv2,82,1,2000-01-01,
INSTALLATION,M200,INSTALLATION_M200,NESHU,0,Tarif normal,82,1,2000-01-01,
INSTALLATION,M200,INSTALLATION_M200,NESHU,1,Remise niv1,82,1,2000-01-01,
INSTALLATION,M200,INSTALLATION_M200,NESHU,1,Remise niv2,82,1,2000-01-01,
INSTALLATION,M200,INSTALLATION_M200,NESHU,1,Tarif normal,82,1,2000-01-01,
INSTALLATION,MILANO,INSTALLATION_MILANO,NESHU,0,Remise niv1,82,1,2000-01-01,
INSTALLATION,MILANO,INSTALLATION_MILANO,NESHU,0,Remise niv2,82,1,2000-01-01,
INSTALLATION,MILANO,INSTALLATION_MILANO,NESHU,0,Tarif normal,82,1,2000-01-01,
INSTALLATION,MILANO,INSTALLATION_MILANO,NESHU,1,Remise niv1,82,1,2000-01-01,
INSTALLATION,MILANO,INSTALLATION_MILANO,NESHU,1,Remise niv2,82,1,2000-01-01,
INSTALLATION,MILANO,INSTALLATION_MILANO,NESHU,1,Tarif normal,82,1,2000-01-01,
INSTALLATION,MINITOW,INSTALLATION_MINITOW,NESHU,0,Remise niv1,275,1,2000-01-01,
INSTALLATION,MINITOW,INSTALLATION_MINITOW,NESHU,0,Remise niv2,275,1,2000-01-01,
INSTALLATION,MINITOW,INSTALLATION_MINITOW,NESHU,0,Tarif normal,275,1,2000-01-01,
INSTALLATION,MINITOW,INSTALLATION_MINITOW,NESHU,1,Remise niv1,275,1,2000-01-01,
INSTALLATION,MINITOW,INSTALLATION_MINITOW,NESHU,1,Remise niv2,275,1,2000-01-01,
INSTALLATION,MINITOW,INSTALLATION_MINITOW,NESHU,1,Tarif normal,275,1,2000-01-01,
INSTALLATION,MODULOTHE,INSTALLATION_MODULOTHE,NESHU,0,Remise niv1,82,1,2000-01-01,
INSTALLATION,MODULOTHE,INSTALLATION_MODULOTHE,NESHU,0,Remise niv2,82,1,2000-01-01,
INSTALLATION,MODULOTHE,INSTALLATION_MODULOTHE,NESHU,0,Tarif normal,82,1,2000-01-01,
INSTALLATION,MODULOTHE,INSTALLATION_MODULOTHE,NESHU,1,Remise niv1,82,1,2000-01-01,
INSTALLATION,MODULOTHE,INSTALLATION_MODULOTHE,NESHU,1,Remise niv2,82,1,2000-01-01,
INSTALLATION,MODULOTHE,INSTALLATION_MODULOTHE,NESHU,1,Tarif normal,82,1,2000-01-01,
INSTALLATION,SNACKING,INSTALLATION_SNACKING,NESHU,0,Remise niv1,82,1,2000-01-01,
INSTALLATION,SNACKING,INSTALLATION_SNACKING,NESHU,0,Remise niv2,82,1,2000-01-01,
INSTALLATION,SNACKING,INSTALLATION_SNACKING,NESHU,0,Tarif normal,82,1,2000-01-01,
INSTALLATION,SNACKING,INSTALLATION_SNACKING,NESHU,1,Remise niv1,82,1,2000-01-01,
INSTALLATION,SNACKING,INSTALLATION_SNACKING,NESHU,1,Remise niv2,82,1,2000-01-01,
INSTALLATION,SNACKING,INSTALLATION_SNACKING,NESHU,1,Tarif normal,82,1,2000-01-01,
INSTALLATION,TOWER GEMINI,INSTALLATION_TOWER GEMINI,NESHU,0,Remise niv1,82,1,2000-01-01,
INSTALLATION,TOWER GEMINI,INSTALLATION_TOWER GEMINI,NESHU,0,Remise niv2,82,1,2000-01-01,
INSTALLATION,TOWER GEMINI,INSTALLATION_TOWER GEMINI,NESHU,0,Tarif normal,82,1,2000-01-01,
INSTALLATION,TOWER GEMINI,INSTALLATION_TOWER GEMINI,NESHU,1,Remise niv1,82,1,2000-01-01,
INSTALLATION,TOWER GEMINI,INSTALLATION_TOWER GEMINI,NESHU,1,Remise niv2,82,1,2000-01-01,
INSTALLATION,TOWER GEMINI,INSTALLATION_TOWER GEMINI,NESHU,1,Tarif normal,82,1,2000-01-01,
INSTALLATION,ZENIUS,INSTALLATION_ZENIUS,NESHU,0,Remise niv1,82,1,2000-01-01,
INSTALLATION,ZENIUS,INSTALLATION_ZENIUS,NESHU,0,Remise niv2,82,1,2000-01-01,
INSTALLATION,ZENIUS,INSTALLATION_ZENIUS,NESHU,0,Tarif normal,82,1,2000-01-01,
INSTALLATION,ZENIUS,INSTALLATION_ZENIUS,NESHU,1,Remise niv1,82,1,2000-01-01,
INSTALLATION,ZENIUS,INSTALLATION_ZENIUS,NESHU,1,Remise niv2,82,1,2000-01-01,
INSTALLATION,ZENIUS,INSTALLATION_ZENIUS,NESHU,1,Tarif normal,82,1,2000-01-01,
LIVRAISON,FONTAINE A EAU,LIVRAISON_FONTAINE A EAU,NESHU,0,Remise niv1,45,1,2000-01-01,
LIVRAISON,FONTAINE A EAU,LIVRAISON_FONTAINE A EAU,NESHU,0,Remise niv2,45,1,2000-01-01,
LIVRAISON,FONTAINE A EAU,LIVRAISON_FONTAINE A EAU,NESHU,0,Tarif normal,45,1,2000-01-01,
LIVRAISON,FONTAINE A EAU,LIVRAISON_FONTAINE A EAU,NESHU,1,Remise niv1,45,1,2000-01-01,
LIVRAISON,FONTAINE A EAU,LIVRAISON_FONTAINE A EAU,NESHU,1,Remise niv2,45,1,2000-01-01,
LIVRAISON,FONTAINE A EAU,LIVRAISON_FONTAINE A EAU,NESHU,1,Tarif normal,45,1,2000-01-01,
PREVENTIVE,AGUILA2,PREVENTIVE_AGUILA2,NESHU,0,Remise niv1,450,2,2000-01-01,
PREVENTIVE,AGUILA2,PREVENTIVE_AGUILA2,NESHU,0,Remise niv2,450,2,2000-01-01,
PREVENTIVE,AGUILA2,PREVENTIVE_AGUILA2,NESHU,0,Tarif normal,450,2,2000-01-01,
PREVENTIVE,AGUILA2,PREVENTIVE_AGUILA2,NESHU,1,Remise niv1,450,2,2000-01-01,
PREVENTIVE,AGUILA2,PREVENTIVE_AGUILA2,NESHU,1,Remise niv2,450,2,2000-01-01,
PREVENTIVE,AGUILA2,PREVENTIVE_AGUILA2,NESHU,1,Tarif normal,450,2,2000-01-01,
PREVENTIVE,AGUILA4,PREVENTIVE_AGUILA4,NESHU,0,Remise niv1,375,3,2000-01-01,
PREVENTIVE,AGUILA4,PREVENTIVE_AGUILA4,NESHU,0,Remise niv2,375,3,2000-01-01,
PREVENTIVE,AGUILA4,PREVENTIVE_AGUILA4,NESHU,0,Tarif normal,375,3,2000-01-01,
PREVENTIVE,AGUILA4,PREVENTIVE_AGUILA4,NESHU,1,Remise niv1,375,3,2000-01-01,
PREVENTIVE,AGUILA4,PREVENTIVE_AGUILA4,NESHU,1,Remise niv2,375,3,2000-01-01,
PREVENTIVE,AGUILA4,PREVENTIVE_AGUILA4,NESHU,1,Tarif normal,375,3,2000-01-01,
PREVENTIVE,DISP GEMINI,PREVENTIVE_DISP GEMINI,NESHU,0,Remise niv1,82,1,2000-01-01,
PREVENTIVE,DISP GEMINI,PREVENTIVE_DISP GEMINI,NESHU,0,Remise niv2,82,1,2000-01-01,
PREVENTIVE,DISP GEMINI,PREVENTIVE_DISP GEMINI,NESHU,0,Tarif normal,82,1,2000-01-01,
PREVENTIVE,DISP GEMINI,PREVENTIVE_DISP GEMINI,NESHU,1,Remise niv1,82,1,2000-01-01,
PREVENTIVE,DISP GEMINI,PREVENTIVE_DISP GEMINI,NESHU,1,Remise niv2,82,1,2000-01-01,
PREVENTIVE,DISP GEMINI,PREVENTIVE_DISP GEMINI,NESHU,1,Tarif normal,82,1,2000-01-01,
PREVENTIVE,DISP MINI,PREVENTIVE_DISP MINI,NESHU,0,Remise niv1,82,1,2000-01-01,
PREVENTIVE,DISP MINI,PREVENTIVE_DISP MINI,NESHU,0,Remise niv2,82,1,2000-01-01,
PREVENTIVE,DISP MINI,PREVENTIVE_DISP MINI,NESHU,0,Tarif normal,82,1,2000-01-01,
PREVENTIVE,DISP MINI,PREVENTIVE_DISP MINI,NESHU,1,Remise niv1,82,1,2000-01-01,
PREVENTIVE,DISP MINI,PREVENTIVE_DISP MINI,NESHU,1,Remise niv2,82,1,2000-01-01,
PREVENTIVE,DISP MINI,PREVENTIVE_DISP MINI,NESHU,1,Tarif normal,82,1,2000-01-01,
PREVENTIVE,DISP SBS,PREVENTIVE_DISP SBS,NESHU,0,Remise niv1,82,1,2000-01-01,
PREVENTIVE,DISP SBS,PREVENTIVE_DISP SBS,NESHU,0,Remise niv2,82,1,2000-01-01,
PREVENTIVE,DISP SBS,PREVENTIVE_DISP SBS,NESHU,0,Tarif normal,82,1,2000-01-01,
PREVENTIVE,DISP SBS,PREVENTIVE_DISP SBS,NESHU,1,Remise niv1,82,1,2000-01-01,
PREVENTIVE,DISP SBS,PREVENTIVE_DISP SBS,NESHU,1,Remise niv2,82,1,2000-01-01,
PREVENTIVE,DISP SBS,PREVENTIVE_DISP SBS,NESHU,1,Tarif normal,82,1,2000-01-01,
PREVENTIVE,FONTAINE A EAU,PREVENTIVE_FONTAINE A EAU,NESHU,0,Remise niv1,115,1,2000-01-01,
PREVENTIVE,FONTAINE A EAU,PREVENTIVE_FONTAINE A EAU,NESHU,0,Remise niv2,115,1,2000-01-01,
PREVENTIVE,FONTAINE A EAU,PREVENTIVE_FONTAINE A EAU,NESHU,0,Tarif normal,115,1,2000-01-01,
PREVENTIVE,FONTAINE A EAU,PREVENTIVE_FONTAINE A EAU,NESHU,1,Remise niv1,115,1,2000-01-01,
PREVENTIVE,FONTAINE A EAU,PREVENTIVE_FONTAINE A EAU,NESHU,1,Remise niv2,115,1,2000-01-01,
PREVENTIVE,FONTAINE A EAU,PREVENTIVE_FONTAINE A EAU,NESHU,1,Tarif normal,115,1,2000-01-01,
PREVENTIVE,GEMINI,PREVENTIVE_GEMINI,NESHU,0,Remise niv1,82,1,2000-01-01,
PREVENTIVE,GEMINI,PREVENTIVE_GEMINI,NESHU,0,Remise niv2,82,1,2000-01-01,
PREVENTIVE,GEMINI,PREVENTIVE_GEMINI,NESHU,0,Tarif normal,82,1,2000-01-01,
PREVENTIVE,GEMINI,PREVENTIVE_GEMINI,NESHU,1,Remise niv1,82,1,2000-01-01,
PREVENTIVE,GEMINI,PREVENTIVE_GEMINI,NESHU,1,Remise niv2,82,1,2000-01-01,
PREVENTIVE,GEMINI,PREVENTIVE_GEMINI,NESHU,1,Tarif normal,82,1,2000-01-01,
PREVENTIVE,LAVE VERRES,PREVENTIVE_LAVE VERRES,NESHU,0,Remise niv1,0,1,2000-01-01,
PREVENTIVE,LAVE VERRES,PREVENTIVE_LAVE VERRES,NESHU,0,Remise niv2,0,1,2000-01-01,
PREVENTIVE,LAVE VERRES,PREVENTIVE_LAVE VERRES,NESHU,0,Tarif normal,0,1,2000-01-01,
PREVENTIVE,LAVE VERRES,PREVENTIVE_LAVE VERRES,NESHU,1,Remise niv1,0,1,2000-01-01,
PREVENTIVE,LAVE VERRES,PREVENTIVE_LAVE VERRES,NESHU,1,Remise niv2,0,1,2000-01-01,
PREVENTIVE,LAVE VERRES,PREVENTIVE_LAVE VERRES,NESHU,1,Tarif normal,0,1,2000-01-01,
PREVENTIVE,M100,PREVENTIVE_M100,NESHU,0,Remise niv1,82,1,2000-01-01,
PREVENTIVE,M100,PREVENTIVE_M100,NESHU,0,Remise niv2,82,1,2000-01-01,
PREVENTIVE,M100,PREVENTIVE_M100,NESHU,0,Tarif normal,82,1,2000-01-01,
PREVENTIVE,M100,PREVENTIVE_M100,NESHU,1,Remise niv1,82,1,2000-01-01,
PREVENTIVE,M100,PREVENTIVE_M100,NESHU,1,Remise niv2,82,1,2000-01-01,
PREVENTIVE,M100,PREVENTIVE_M100,NESHU,1,Tarif normal,82,1,2000-01-01,
PREVENTIVE,M200,PREVENTIVE_M200,NESHU,0,Remise niv1,82,1,2000-01-01,
PREVENTIVE,M200,PREVENTIVE_M200,NESHU,0,Remise niv2,82,1,2000-01-01,
PREVENTIVE,M200,PREVENTIVE_M200,NESHU,0,Tarif normal,82,1,2000-01-01,
PREVENTIVE,M200,PREVENTIVE_M200,NESHU,1,Remise niv1,82,1,2000-01-01,
PREVENTIVE,M200,PREVENTIVE_M200,NESHU,1,Remise niv2,82,1,2000-01-01,
PREVENTIVE,M200,PREVENTIVE_M200,NESHU,1,Tarif normal,82,1,2000-01-01,
PREVENTIVE,MILANO,PREVENTIVE_MILANO,NESHU,0,Remise niv1,82,1,2000-01-01,
PREVENTIVE,MILANO,PREVENTIVE_MILANO,NESHU,0,Remise niv2,82,1,2000-01-01,
PREVENTIVE,MILANO,PREVENTIVE_MILANO,NESHU,0,Tarif normal,82,1,2000-01-01,
PREVENTIVE,MILANO,PREVENTIVE_MILANO,NESHU,1,Remise niv1,82,1,2000-01-01,
PREVENTIVE,MILANO,PREVENTIVE_MILANO,NESHU,1,Remise niv2,82,1,2000-01-01,
PREVENTIVE,MILANO,PREVENTIVE_MILANO,NESHU,1,Tarif normal,82,1,2000-01-01,
PREVENTIVE,MINITOW,PREVENTIVE_MINITOW,NESHU,0,Remise niv1,82,1,2000-01-01,
PREVENTIVE,MINITOW,PREVENTIVE_MINITOW,NESHU,0,Remise niv2,82,1,2000-01-01,
PREVENTIVE,MINITOW,PREVENTIVE_MINITOW,NESHU,0,Tarif normal,82,1,2000-01-01,
PREVENTIVE,MINITOW,PREVENTIVE_MINITOW,NESHU,1,Remise niv1,82,1,2000-01-01,
PREVENTIVE,MINITOW,PREVENTIVE_MINITOW,NESHU,1,Remise niv2,82,1,2000-01-01,
PREVENTIVE,MINITOW,PREVENTIVE_MINITOW,NESHU,1,Tarif normal,82,1,2000-01-01,
PREVENTIVE,MODULOTHE,PREVENTIVE_MODULOTHE,NESHU,0,Remise niv1,82,1,2000-01-01,
PREVENTIVE,MODULOTHE,PREVENTIVE_MODULOTHE,NESHU,0,Remise niv2,82,1,2000-01-01,
PREVENTIVE,MODULOTHE,PREVENTIVE_MODULOTHE,NESHU,0,Tarif normal,82,1,2000-01-01,
PREVENTIVE,MODULOTHE,PREVENTIVE_MODULOTHE,NESHU,1,Remise niv1,82,1,2000-01-01,
PREVENTIVE,MODULOTHE,PREVENTIVE_MODULOTHE,NESHU,1,Remise niv2,82,1,2000-01-01,
PREVENTIVE,MODULOTHE,PREVENTIVE_MODULOTHE,NESHU,1,Tarif normal,82,1,2000-01-01,
PREVENTIVE,SNACKING,PREVENTIVE_SNACKING,NESHU,0,Remise niv1,82,1,2000-01-01,
PREVENTIVE,SNACKING,PREVENTIVE_SNACKING,NESHU,0,Remise niv2,82,1,2000-01-01,
PREVENTIVE,SNACKING,PREVENTIVE_SNACKING,NESHU,0,Tarif normal,82,1,2000-01-01,
PREVENTIVE,SNACKING,PREVENTIVE_SNACKING,NESHU,1,Remise niv1,82,1,2000-01-01,
PREVENTIVE,SNACKING,PREVENTIVE_SNACKING,NESHU,1,Remise niv2,82,1,2000-01-01,
PREVENTIVE,SNACKING,PREVENTIVE_SNACKING,NESHU,1,Tarif normal,82,1,2000-01-01,
PREVENTIVE,TOWER GEMINI,PREVENTIVE_TOWER GEMINI,NESHU,0,Remise niv1,82,1,2000-01-01,
PREVENTIVE,TOWER GEMINI,PREVENTIVE_TOWER GEMINI,NESHU,0,Remise niv2,82,1,2000-01-01,
PREVENTIVE,TOWER GEMINI,PREVENTIVE_TOWER GEMINI,NESHU,0,Tarif normal,82,1,2000-01-01,
PREVENTIVE,TOWER GEMINI,PREVENTIVE_TOWER GEMINI,NESHU,1,Remise niv1,82,1,2000-01-01,
PREVENTIVE,TOWER GEMINI,PREVENTIVE_TOWER GEMINI,NESHU,1,Remise niv2,82,1,2000-01-01,
PREVENTIVE,TOWER GEMINI,PREVENTIVE_TOWER GEMINI,NESHU,1,Tarif normal,82,1,2000-01-01,
PREVENTIVE,ZENIUS,PREVENTIVE_ZENIUS,NESHU,0,Remise niv1,82,1,2000-01-01,
PREVENTIVE,ZENIUS,PREVENTIVE_ZENIUS,NESHU,0,Remise niv2,82,1,2000-01-01,
PREVENTIVE,ZENIUS,PREVENTIVE_ZENIUS,NESHU,0,Tarif normal,82,1,2000-01-01,
PREVENTIVE,ZENIUS,PREVENTIVE_ZENIUS,NESHU,1,Remise niv1,82,1,2000-01-01,
PREVENTIVE,ZENIUS,PREVENTIVE_ZENIUS,NESHU,1,Remise niv2,82,1,2000-01-01,
PREVENTIVE,ZENIUS,PREVENTIVE_ZENIUS,NESHU,1,Tarif normal,82,1,2000-01-01,
REMISE_EN_ETAT,AGUILA2,REMISE_EN_ETAT_AGUILA2,NESHU,0,Remise niv1,87,1,2000-01-01,
REMISE_EN_ETAT,AGUILA2,REMISE_EN_ETAT_AGUILA2,NESHU,0,Remise niv2,87,1,2000-01-01,
REMISE_EN_ETAT,AGUILA2,REMISE_EN_ETAT_AGUILA2,NESHU,0,Tarif normal,87,1,2000-01-01,
REMISE_EN_ETAT,AGUILA2,REMISE_EN_ETAT_AGUILA2,NESHU,1,Remise niv1,87,1,2000-01-01,
REMISE_EN_ETAT,AGUILA2,REMISE_EN_ETAT_AGUILA2,NESHU,1,Remise niv2,87,1,2000-01-01,
REMISE_EN_ETAT,AGUILA2,REMISE_EN_ETAT_AGUILA2,NESHU,1,Tarif normal,87,1,2000-01-01,
REMISE_EN_ETAT,AGUILA4,REMISE_EN_ETAT_AGUILA4,NESHU,0,Remise niv1,87,1,2000-01-01,
REMISE_EN_ETAT,AGUILA4,REMISE_EN_ETAT_AGUILA4,NESHU,0,Remise niv2,87,1,2000-01-01,
REMISE_EN_ETAT,AGUILA4,REMISE_EN_ETAT_AGUILA4,NESHU,0,Tarif normal,87,1,2000-01-01,
REMISE_EN_ETAT,AGUILA4,REMISE_EN_ETAT_AGUILA4,NESHU,1,Remise niv1,87,1,2000-01-01,
REMISE_EN_ETAT,AGUILA4,REMISE_EN_ETAT_AGUILA4,NESHU,1,Remise niv2,87,1,2000-01-01,
REMISE_EN_ETAT,AGUILA4,REMISE_EN_ETAT_AGUILA4,NESHU,1,Tarif normal,87,1,2000-01-01,
REMISE_EN_ETAT,DISP GEMINI,REMISE_EN_ETAT_DISP GEMINI,NESHU,0,Remise niv1,87,1,2000-01-01,
REMISE_EN_ETAT,DISP GEMINI,REMISE_EN_ETAT_DISP GEMINI,NESHU,0,Remise niv2,87,1,2000-01-01,
REMISE_EN_ETAT,DISP GEMINI,REMISE_EN_ETAT_DISP GEMINI,NESHU,0,Tarif normal,87,1,2000-01-01,
REMISE_EN_ETAT,DISP GEMINI,REMISE_EN_ETAT_DISP GEMINI,NESHU,1,Remise niv1,87,1,2000-01-01,
REMISE_EN_ETAT,DISP GEMINI,REMISE_EN_ETAT_DISP GEMINI,NESHU,1,Remise niv2,87,1,2000-01-01,
REMISE_EN_ETAT,DISP GEMINI,REMISE_EN_ETAT_DISP GEMINI,NESHU,1,Tarif normal,87,1,2000-01-01,
REMISE_EN_ETAT,DISP MINI,REMISE_EN_ETAT_DISP MINI,NESHU,0,Remise niv1,87,1,2000-01-01,
REMISE_EN_ETAT,DISP MINI,REMISE_EN_ETAT_DISP MINI,NESHU,0,Remise niv2,87,1,2000-01-01,
REMISE_EN_ETAT,DISP MINI,REMISE_EN_ETAT_DISP MINI,NESHU,0,Tarif normal,87,1,2000-01-01,
REMISE_EN_ETAT,DISP MINI,REMISE_EN_ETAT_DISP MINI,NESHU,1,Remise niv1,87,1,2000-01-01,
REMISE_EN_ETAT,DISP MINI,REMISE_EN_ETAT_DISP MINI,NESHU,1,Remise niv2,87,1,2000-01-01,
REMISE_EN_ETAT,DISP MINI,REMISE_EN_ETAT_DISP MINI,NESHU,1,Tarif normal,87,1,2000-01-01,
REMISE_EN_ETAT,DISP SBS,REMISE_EN_ETAT_DISP SBS,NESHU,0,Remise niv1,87,1,2000-01-01,
REMISE_EN_ETAT,DISP SBS,REMISE_EN_ETAT_DISP SBS,NESHU,0,Remise niv2,87,1,2000-01-01,
REMISE_EN_ETAT,DISP SBS,REMISE_EN_ETAT_DISP SBS,NESHU,0,Tarif normal,87,1,2000-01-01,
REMISE_EN_ETAT,DISP SBS,REMISE_EN_ETAT_DISP SBS,NESHU,1,Remise niv1,87,1,2000-01-01,
REMISE_EN_ETAT,DISP SBS,REMISE_EN_ETAT_DISP SBS,NESHU,1,Remise niv2,87,1,2000-01-01,
REMISE_EN_ETAT,DISP SBS,REMISE_EN_ETAT_DISP SBS,NESHU,1,Tarif normal,87,1,2000-01-01,
REMISE_EN_ETAT,FONTAINE A EAU,REMISE_EN_ETAT_FONTAINE A EAU,NESHU,0,Remise niv1,87,1,2000-01-01,
REMISE_EN_ETAT,FONTAINE A EAU,REMISE_EN_ETAT_FONTAINE A EAU,NESHU,0,Remise niv2,87,1,2000-01-01,
REMISE_EN_ETAT,FONTAINE A EAU,REMISE_EN_ETAT_FONTAINE A EAU,NESHU,0,Tarif normal,87,1,2000-01-01,
REMISE_EN_ETAT,FONTAINE A EAU,REMISE_EN_ETAT_FONTAINE A EAU,NESHU,1,Remise niv1,87,1,2000-01-01,
REMISE_EN_ETAT,FONTAINE A EAU,REMISE_EN_ETAT_FONTAINE A EAU,NESHU,1,Remise niv2,87,1,2000-01-01,
REMISE_EN_ETAT,FONTAINE A EAU,REMISE_EN_ETAT_FONTAINE A EAU,NESHU,1,Tarif normal,87,1,2000-01-01,
REMISE_EN_ETAT,GEMINI,REMISE_EN_ETAT_GEMINI,NESHU,0,Remise niv1,87,1,2000-01-01,
REMISE_EN_ETAT,GEMINI,REMISE_EN_ETAT_GEMINI,NESHU,0,Remise niv2,87,1,2000-01-01,
REMISE_EN_ETAT,GEMINI,REMISE_EN_ETAT_GEMINI,NESHU,0,Tarif normal,87,1,2000-01-01,
REMISE_EN_ETAT,GEMINI,REMISE_EN_ETAT_GEMINI,NESHU,1,Remise niv1,87,1,2000-01-01,
REMISE_EN_ETAT,GEMINI,REMISE_EN_ETAT_GEMINI,NESHU,1,Remise niv2,87,1,2000-01-01,
REMISE_EN_ETAT,GEMINI,REMISE_EN_ETAT_GEMINI,NESHU,1,Tarif normal,87,1,2000-01-01,
REMISE_EN_ETAT,LAVE VERRES,REMISE_EN_ETAT_LAVE VERRES,NESHU,1,Remise niv1,87,1,2000-01-01,
REMISE_EN_ETAT,LAVE VERRES,REMISE_EN_ETAT_LAVE VERRES,NESHU,1,Remise niv2,87,1,2000-01-01,
REMISE_EN_ETAT,LAVE VERRES,REMISE_EN_ETAT_LAVE VERRES,NESHU,1,Tarif normal,87,1,2000-01-01,
REMISE_EN_ETAT,M100,REMISE_EN_ETAT_M100,NESHU,0,Remise niv1,87,1,2000-01-01,
REMISE_EN_ETAT,M100,REMISE_EN_ETAT_M100,NESHU,0,Remise niv2,87,1,2000-01-01,
REMISE_EN_ETAT,M100,REMISE_EN_ETAT_M100,NESHU,0,Tarif normal,87,1,2000-01-01,
REMISE_EN_ETAT,M100,REMISE_EN_ETAT_M100,NESHU,1,Remise niv1,87,1,2000-01-01,
REMISE_EN_ETAT,M100,REMISE_EN_ETAT_M100,NESHU,1,Remise niv2,87,1,2000-01-01,
REMISE_EN_ETAT,M100,REMISE_EN_ETAT_M100,NESHU,1,Tarif normal,87,1,2000-01-01,
REMISE_EN_ETAT,M200,REMISE_EN_ETAT_M200,NESHU,0,Remise niv1,87,1,2000-01-01,
REMISE_EN_ETAT,M200,REMISE_EN_ETAT_M200,NESHU,0,Remise niv2,87,1,2000-01-01,
REMISE_EN_ETAT,M200,REMISE_EN_ETAT_M200,NESHU,0,Tarif normal,87,1,2000-01-01,
REMISE_EN_ETAT,M200,REMISE_EN_ETAT_M200,NESHU,1,Remise niv1,87,1,2000-01-01,
REMISE_EN_ETAT,M200,REMISE_EN_ETAT_M200,NESHU,1,Remise niv2,87,1,2000-01-01,
REMISE_EN_ETAT,M200,REMISE_EN_ETAT_M200,NESHU,1,Tarif normal,87,1,2000-01-01,
REMISE_EN_ETAT,MILANO,REMISE_EN_ETAT_MILANO,NESHU,0,Remise niv1,87,1,2000-01-01,
REMISE_EN_ETAT,MILANO,REMISE_EN_ETAT_MILANO,NESHU,0,Remise niv2,87,1,2000-01-01,
REMISE_EN_ETAT,MILANO,REMISE_EN_ETAT_MILANO,NESHU,0,Tarif normal,87,1,2000-01-01,
REMISE_EN_ETAT,MILANO,REMISE_EN_ETAT_MILANO,NESHU,1,Remise niv1,87,1,2000-01-01,
REMISE_EN_ETAT,MILANO,REMISE_EN_ETAT_MILANO,NESHU,1,Remise niv2,87,1,2000-01-01,
REMISE_EN_ETAT,MILANO,REMISE_EN_ETAT_MILANO,NESHU,1,Tarif normal,87,1,2000-01-01,
REMISE_EN_ETAT,MINITOW,REMISE_EN_ETAT_MINITOW,NESHU,0,Remise niv1,87,1,2000-01-01,
REMISE_EN_ETAT,MINITOW,REMISE_EN_ETAT_MINITOW,NESHU,0,Remise niv2,87,1,2000-01-01,
REMISE_EN_ETAT,MINITOW,REMISE_EN_ETAT_MINITOW,NESHU,0,Tarif normal,87,1,2000-01-01,
REMISE_EN_ETAT,MINITOW,REMISE_EN_ETAT_MINITOW,NESHU,1,Remise niv1,87,1,2000-01-01,
REMISE_EN_ETAT,MINITOW,REMISE_EN_ETAT_MINITOW,NESHU,1,Remise niv2,87,1,2000-01-01,
REMISE_EN_ETAT,MINITOW,REMISE_EN_ETAT_MINITOW,NESHU,1,Tarif normal,87,1,2000-01-01,
REMISE_EN_ETAT,MODULOTHE,REMISE_EN_ETAT_MODULOTHE,NESHU,0,Remise niv1,87,1,2000-01-01,
REMISE_EN_ETAT,MODULOTHE,REMISE_EN_ETAT_MODULOTHE,NESHU,0,Remise niv2,87,1,2000-01-01,
REMISE_EN_ETAT,MODULOTHE,REMISE_EN_ETAT_MODULOTHE,NESHU,0,Tarif normal,87,1,2000-01-01,
REMISE_EN_ETAT,MODULOTHE,REMISE_EN_ETAT_MODULOTHE,NESHU,1,Remise niv1,87,1,2000-01-01,
REMISE_EN_ETAT,MODULOTHE,REMISE_EN_ETAT_MODULOTHE,NESHU,1,Remise niv2,87,1,2000-01-01,
REMISE_EN_ETAT,MODULOTHE,REMISE_EN_ETAT_MODULOTHE,NESHU,1,Tarif normal,87,1,2000-01-01,
REMISE_EN_ETAT,SNACKING,REMISE_EN_ETAT_SNACKING,NESHU,0,Remise niv1,87,1,2000-01-01,
REMISE_EN_ETAT,SNACKING,REMISE_EN_ETAT_SNACKING,NESHU,0,Remise niv2,87,1,2000-01-01,
REMISE_EN_ETAT,SNACKING,REMISE_EN_ETAT_SNACKING,NESHU,0,Tarif normal,87,1,2000-01-01,
REMISE_EN_ETAT,SNACKING,REMISE_EN_ETAT_SNACKING,NESHU,1,Remise niv1,87,1,2000-01-01,
REMISE_EN_ETAT,SNACKING,REMISE_EN_ETAT_SNACKING,NESHU,1,Remise niv2,87,1,2000-01-01,
REMISE_EN_ETAT,SNACKING,REMISE_EN_ETAT_SNACKING,NESHU,1,Tarif normal,87,1,2000-01-01,
REMISE_EN_ETAT,TOWER GEMINI,REMISE_EN_ETAT_TOWER GEMINI,NESHU,0,Remise niv1,87,1,2000-01-01,
REMISE_EN_ETAT,TOWER GEMINI,REMISE_EN_ETAT_TOWER GEMINI,NESHU,0,Remise niv2,87,1,2000-01-01,
REMISE_EN_ETAT,TOWER GEMINI,REMISE_EN_ETAT_TOWER GEMINI,NESHU,0,Tarif normal,87,1,2000-01-01,
REMISE_EN_ETAT,TOWER GEMINI,REMISE_EN_ETAT_TOWER GEMINI,NESHU,1,Remise niv1,87,1,2000-01-01,
REMISE_EN_ETAT,TOWER GEMINI,REMISE_EN_ETAT_TOWER GEMINI,NESHU,1,Remise niv2,87,1,2000-01-01,
REMISE_EN_ETAT,TOWER GEMINI,REMISE_EN_ETAT_TOWER GEMINI,NESHU,1,Tarif normal,87,1,2000-01-01,
REMISE_EN_ETAT,ZENIUS,REMISE_EN_ETAT_ZENIUS,NESHU,0,Remise niv1,87,1,2000-01-01,
REMISE_EN_ETAT,ZENIUS,REMISE_EN_ETAT_ZENIUS,NESHU,0,Remise niv2,87,1,2000-01-01,
REMISE_EN_ETAT,ZENIUS,REMISE_EN_ETAT_ZENIUS,NESHU,0,Tarif normal,87,1,2000-01-01,
REMISE_EN_ETAT,ZENIUS,REMISE_EN_ETAT_ZENIUS,NESHU,1,Remise niv1,87,1,2000-01-01,
REMISE_EN_ETAT,ZENIUS,REMISE_EN_ETAT_ZENIUS,NESHU,1,Remise niv2,87,1,2000-01-01,
REMISE_EN_ETAT,ZENIUS,REMISE_EN_ETAT_ZENIUS,NESHU,1,Tarif normal,87,1,2000-01-01,
CURATIVE H-4,FRIGO NU,CURATIVE H-4_FRIGO NU,NU,0,Remise niv1,165,1,2000-01-01,
CURATIVE H-4,FRIGO NU,CURATIVE H-4_FRIGO NU,NU,0,Remise niv2,121,1,2000-01-01,
CURATIVE H-4,FRIGO NU,CURATIVE H-4_FRIGO NU,NU,0,Tarif normal,220,1,2000-01-01,
CURATIVE H-4,FRIGO NU,CURATIVE H-4_FRIGO NU,NU,1,Remise niv1,165,1,2000-01-01,
CURATIVE H-4,FRIGO NU,CURATIVE H-4_FRIGO NU,NU,1,Remise niv2,121,1,2000-01-01,
CURATIVE H-4,FRIGO NU,CURATIVE H-4_FRIGO NU,NU,1,Tarif normal,220,1,2000-01-01,
CURATIVE J+1,FRIGO NU,CURATIVE J+1_FRIGO NU,NU,0,Remise niv1,158,1,2000-01-01,
CURATIVE J+1,FRIGO NU,CURATIVE J+1_FRIGO NU,NU,0,Remise niv2,116,1,2000-01-01,
CURATIVE J+1,FRIGO NU,CURATIVE J+1_FRIGO NU,NU,0,Tarif normal,210,1,2000-01-01,
CURATIVE J+1,FRIGO NU,CURATIVE J+1_FRIGO NU,NU,1,Remise niv1,135,1,2000-01-01,
CURATIVE J+1,FRIGO NU,CURATIVE J+1_FRIGO NU,NU,1,Remise niv2,99,1,2000-01-01,
CURATIVE J+1,FRIGO NU,CURATIVE J+1_FRIGO NU,NU,1,Tarif normal,180,1,2000-01-01,
CURATIVE,FRIGO NU,CURATIVE_FRIGO NU,NU,0,Remise niv1,135,1,2000-01-01,
CURATIVE,FRIGO NU,CURATIVE_FRIGO NU,NU,0,Remise niv2,99,1,2000-01-01,
CURATIVE,FRIGO NU,CURATIVE_FRIGO NU,NU,0,Tarif normal,180,1,2000-01-01,
CURATIVE,FRIGO NU,CURATIVE_FRIGO NU,NU,1,Remise niv1,113,1,2000-01-01,
CURATIVE,FRIGO NU,CURATIVE_FRIGO NU,NU,1,Remise niv2,83,1,2000-01-01,
CURATIVE,FRIGO NU,CURATIVE_FRIGO NU,NU,1,Tarif normal,150,1,2000-01-01,
CURATIVE J+2,FRIGO NU,CURATIVE J+2_FRIGO NU,NU,0,Remise niv1,135,1,2000-01-01,
CURATIVE J+2,FRIGO NU,CURATIVE J+2_FRIGO NU,NU,0,Remise niv2,99,1,2000-01-01,
CURATIVE J+2,FRIGO NU,CURATIVE J+2_FRIGO NU,NU,0,Tarif normal,180,1,2000-01-01,
CURATIVE J+2,FRIGO NU,CURATIVE J+2_FRIGO NU,NU,1,Remise niv1,113,1,2000-01-01,
CURATIVE J+2,FRIGO NU,CURATIVE J+2_FRIGO NU,NU,1,Remise niv2,83,1,2000-01-01,
CURATIVE J+2,FRIGO NU,CURATIVE J+2_FRIGO NU,NU,1,Tarif normal,150,1,2000-01-01,
DESINSTALLATION,FRIGO NU,DESINSTALLATION_FRIGO NU,NU,0,Remise niv1,94,1,2000-01-01,
DESINSTALLATION,FRIGO NU,DESINSTALLATION_FRIGO NU,NU,0,Remise niv2,69,1,2000-01-01,
DESINSTALLATION,FRIGO NU,DESINSTALLATION_FRIGO NU,NU,0,Tarif normal,125,1,2000-01-01,
DESINSTALLATION,FRIGO NU,DESINSTALLATION_FRIGO NU,NU,1,Remise niv1,71,1,2000-01-01,
DESINSTALLATION,FRIGO NU,DESINSTALLATION_FRIGO NU,NU,1,Remise niv2,52,1,2000-01-01,
DESINSTALLATION,FRIGO NU,DESINSTALLATION_FRIGO NU,NU,1,Tarif normal,95,1,2000-01-01,
INSTALLATION,FRIGO NU,INSTALLATION_FRIGO NU,NU,0,Remise niv1,203,2,2000-01-01,
INSTALLATION,FRIGO NU,INSTALLATION_FRIGO NU,NU,0,Remise niv2,149,2,2000-01-01,
INSTALLATION,FRIGO NU,INSTALLATION_FRIGO NU,NU,0,Tarif normal,270,2,2000-01-01,
INSTALLATION,FRIGO NU,INSTALLATION_FRIGO NU,NU,1,Remise niv1,180,2,2000-01-01,
INSTALLATION,FRIGO NU,INSTALLATION_FRIGO NU,NU,1,Remise niv2,132,2,2000-01-01,
INSTALLATION,FRIGO NU,INSTALLATION_FRIGO NU,NU,1,Tarif normal,240,2,2000-01-01,
PREVENTIVE,FRIGO NU,PREVENTIVE_FRIGO NU,NU,0,Remise niv1,94,1,2000-01-01,
PREVENTIVE,FRIGO NU,PREVENTIVE_FRIGO NU,NU,0,Remise niv2,69,1,2000-01-01,
PREVENTIVE,FRIGO NU,PREVENTIVE_FRIGO NU,NU,0,Tarif normal,125,1,2000-01-01,
PREVENTIVE,FRIGO NU,PREVENTIVE_FRIGO NU,NU,1,Remise niv1,71,1,2000-01-01,
PREVENTIVE,FRIGO NU,PREVENTIVE_FRIGO NU,NU,1,Remise niv2,52,1,2000-01-01,
PREVENTIVE,FRIGO NU,PREVENTIVE_FRIGO NU,NU,1,Tarif normal,95,1,2000-01-01,
CURATIVE H-4,FONTAINE TWYD,CURATIVE H-4_FONTAINE TWYD,TWYD,0,Remise niv1,135,1,2000-01-01,
CURATIVE H-4,FONTAINE TWYD,CURATIVE H-4_FONTAINE TWYD,TWYD,0,Remise niv2,99,1,2000-01-01,
CURATIVE H-4,FONTAINE TWYD,CURATIVE H-4_FONTAINE TWYD,TWYD,0,Tarif normal,180,1,2000-01-01,
CURATIVE H-4,FONTAINE TWYD,CURATIVE H-4_FONTAINE TWYD,TWYD,1,Remise niv1,113,1,2000-01-01,
CURATIVE H-4,FONTAINE TWYD,CURATIVE H-4_FONTAINE TWYD,TWYD,1,Remise niv2,83,1,2000-01-01,
CURATIVE H-4,FONTAINE TWYD,CURATIVE H-4_FONTAINE TWYD,TWYD,1,Tarif normal,150,1,2000-01-01,
CURATIVE J+1,FONTAINE TWYD,CURATIVE J+1_FONTAINE TWYD,TWYD,0,Remise niv1,116,1,2000-01-01,
CURATIVE J+1,FONTAINE TWYD,CURATIVE J+1_FONTAINE TWYD,TWYD,0,Remise niv2,85,1,2000-01-01,
CURATIVE J+1,FONTAINE TWYD,CURATIVE J+1_FONTAINE TWYD,TWYD,0,Tarif normal,155,1,2000-01-01,
CURATIVE J+1,FONTAINE TWYD,CURATIVE J+1_FONTAINE TWYD,TWYD,1,Remise niv1,94,1,2000-01-01,
CURATIVE J+1,FONTAINE TWYD,CURATIVE J+1_FONTAINE TWYD,TWYD,1,Remise niv2,69,1,2000-01-01,
CURATIVE J+1,FONTAINE TWYD,CURATIVE J+1_FONTAINE TWYD,TWYD,1,Tarif normal,125,1,2000-01-01,
CURATIVE,FONTAINE TWYD,CURATIVE_FONTAINE TWYD,TWYD,0,Remise niv1,101,1,2000-01-01,
CURATIVE,FONTAINE TWYD,CURATIVE_FONTAINE TWYD,TWYD,0,Remise niv2,74,1,2000-01-01,
CURATIVE,FONTAINE TWYD,CURATIVE_FONTAINE TWYD,TWYD,0,Tarif normal,135,1,2000-01-01,
CURATIVE,FONTAINE TWYD,CURATIVE_FONTAINE TWYD,TWYD,1,Remise niv1,79,1,2000-01-01,
CURATIVE,FONTAINE TWYD,CURATIVE_FONTAINE TWYD,TWYD,1,Remise niv2,58,1,2000-01-01,
CURATIVE,FONTAINE TWYD,CURATIVE_FONTAINE TWYD,TWYD,1,Tarif normal,105,1,2000-01-01,
CURATIVE J+2,FONTAINE TWYD,CURATIVE J+2_FONTAINE TWYD,TWYD,0,Remise niv1,101,1,2000-01-01,
CURATIVE J+2,FONTAINE TWYD,CURATIVE J+2_FONTAINE TWYD,TWYD,0,Remise niv2,74,1,2000-01-01,
CURATIVE J+2,FONTAINE TWYD,CURATIVE J+2_FONTAINE TWYD,TWYD,0,Tarif normal,135,1,2000-01-01,
CURATIVE J+2,FONTAINE TWYD,CURATIVE J+2_FONTAINE TWYD,TWYD,1,Remise niv1,79,1,2000-01-01,
CURATIVE J+2,FONTAINE TWYD,CURATIVE J+2_FONTAINE TWYD,TWYD,1,Remise niv2,58,1,2000-01-01,
CURATIVE J+2,FONTAINE TWYD,CURATIVE J+2_FONTAINE TWYD,TWYD,1,Tarif normal,105,1,2000-01-01,
DESINSTALLATION,FONTAINE TWYD,DESINSTALLATION_FONTAINE TWYD,TWYD,0,Remise niv1,124,1,2000-01-01,
DESINSTALLATION,FONTAINE TWYD,DESINSTALLATION_FONTAINE TWYD,TWYD,0,Remise niv2,91,1,2000-01-01,
DESINSTALLATION,FONTAINE TWYD,DESINSTALLATION_FONTAINE TWYD,TWYD,0,Tarif normal,165,1,2000-01-01,
DESINSTALLATION,FONTAINE TWYD,DESINSTALLATION_FONTAINE TWYD,TWYD,1,Remise niv1,101,1,2000-01-01,
DESINSTALLATION,FONTAINE TWYD,DESINSTALLATION_FONTAINE TWYD,TWYD,1,Remise niv2,74,1,2000-01-01,
DESINSTALLATION,FONTAINE TWYD,DESINSTALLATION_FONTAINE TWYD,TWYD,1,Tarif normal,135,1,2000-01-01,
INSTALLATION,FONTAINE TWYD,INSTALLATION_FONTAINE TWYD,TWYD,0,Remise niv1,124,1,2000-01-01,
INSTALLATION,FONTAINE TWYD,INSTALLATION_FONTAINE TWYD,TWYD,0,Remise niv2,91,1,2000-01-01,
INSTALLATION,FONTAINE TWYD,INSTALLATION_FONTAINE TWYD,TWYD,0,Tarif normal,165,1,2000-01-01,
INSTALLATION,FONTAINE TWYD,INSTALLATION_FONTAINE TWYD,TWYD,1,Remise niv1,101,1,2000-01-01,
INSTALLATION,FONTAINE TWYD,INSTALLATION_FONTAINE TWYD,TWYD,1,Remise niv2,74,1,2000-01-01,
INSTALLATION,FONTAINE TWYD,INSTALLATION_FONTAINE TWYD,TWYD,1,Tarif normal,135,1,2000-01-01,
PREVENTIVE,FONTAINE TWYD,PREVENTIVE_FONTAINE TWYD,TWYD,0,Remise niv1,94,1,2000-01-01,
PREVENTIVE,FONTAINE TWYD,PREVENTIVE_FONTAINE TWYD,TWYD,0,Remise niv2,69,1,2000-01-01,
PREVENTIVE,FONTAINE TWYD,PREVENTIVE_FONTAINE TWYD,TWYD,0,Tarif normal,125,1,2000-01-01,
PREVENTIVE,FONTAINE TWYD,PREVENTIVE_FONTAINE TWYD,TWYD,1,Remise niv1,71,1,2000-01-01,
PREVENTIVE,FONTAINE TWYD,PREVENTIVE_FONTAINE TWYD,TWYD,1,Remise niv2,52,1,2000-01-01,
PREVENTIVE,FONTAINE TWYD,PREVENTIVE_FONTAINE TWYD,TWYD,1,Tarif normal,95,1,2000-01-01,
PREPA ATELIER,MILANO,PREPA ATELIER_MILANO,NESHU,0,Remise niv1,87,2,2000-01-01,
PREPA ATELIER,MILANO,PREPA ATELIER_MILANO,NESHU,0,Remise niv2,87,2,2000-01-01,
PREPA ATELIER,MILANO,PREPA ATELIER_MILANO,NESHU,0,Tarif normal,87,2,2000-01-01,
PREPA ATELIER,MILANO,PREPA ATELIER_MILANO,NESHU,1,Remise niv1,87,2,2000-01-01,
PREPA ATELIER,MILANO,PREPA ATELIER_MILANO,NESHU,1,Remise niv2,87,2,2000-01-01,
PREPA ATELIER,MILANO,PREPA ATELIER_MILANO,NESHU,1,Tarif normal,87,2,2000-01-01,
PREPA ATELIER,SNACKING,PREPA ATELIER_SNACKING,NESHU,0,Remise niv1,87,2,2000-01-01,
PREPA ATELIER,SNACKING,PREPA ATELIER_SNACKING,NESHU,0,Remise niv2,87,2,2000-01-01,
PREPA ATELIER,SNACKING,PREPA ATELIER_SNACKING,NESHU,0,Tarif normal,87,2,2000-01-01,
PREPA ATELIER,SNACKING,PREPA ATELIER_SNACKING,NESHU,1,Remise niv1,87,2,2000-01-01,
PREPA ATELIER,SNACKING,PREPA ATELIER_SNACKING,NESHU,1,Remise niv2,87,2,2000-01-01,
PREPA ATELIER,SNACKING,PREPA ATELIER_SNACKING,NESHU,1,Tarif normal,87,2,2000-01-01,
PREPA ATELIER,MINITOW,PREPA ATELIER_MINITOW,NESHU,0,Remise niv1,87,2,2000-01-01,
PREPA ATELIER,MINITOW,PREPA ATELIER_MINITOW,NESHU,0,Remise niv2,87,2,2000-01-01,
PREPA ATELIER,MINITOW,PREPA ATELIER_MINITOW,NESHU,0,Tarif normal,87,2,2000-01-01,
PREPA ATELIER,MINITOW,PREPA ATELIER_MINITOW,NESHU,1,Remise niv1,87,2,2000-01-01,
PREPA ATELIER,MINITOW,PREPA ATELIER_MINITOW,NESHU,1,Remise niv2,87,2,2000-01-01,
PREPA ATELIER,MINITOW,PREPA ATELIER_MINITOW,NESHU,1,Tarif normal,87,2,2000-01-01,
PREPA ATELIER,M100,PREPA ATELIER_M100,NESHU,0,Remise niv1,87,2,2000-01-01,
PREPA ATELIER,M100,PREPA ATELIER_M100,NESHU,0,Remise niv2,87,2,2000-01-01,
PREPA ATELIER,M100,PREPA ATELIER_M100,NESHU,0,Tarif normal,87,2,2000-01-01,
PREPA ATELIER,M100,PREPA ATELIER_M100,NESHU,1,Remise niv1,87,2,2000-01-01,
PREPA ATELIER,M100,PREPA ATELIER_M100,NESHU,1,Remise niv2,87,2,2000-01-01,
PREPA ATELIER,M100,PREPA ATELIER_M100,NESHU,1,Tarif normal,87,2,2000-01-01,
PREPA ATELIER,M200,PREPA ATELIER_M200,NESHU,0,Remise niv1,87,2,2000-01-01,
PREPA ATELIER,M200,PREPA ATELIER_M200,NESHU,0,Remise niv2,87,2,2000-01-01,
PREPA ATELIER,M200,PREPA ATELIER_M200,NESHU,0,Tarif normal,87,2,2000-01-01,
PREPA ATELIER,M200,PREPA ATELIER_M200,NESHU,1,Remise niv1,87,2,2000-01-01,
PREPA ATELIER,M200,PREPA ATELIER_M200,NESHU,1,Remise niv2,87,2,2000-01-01,
PREPA ATELIER,M200,PREPA ATELIER_M200,NESHU,1,Tarif normal,87,2,2000-01-01,
PREPA ATELIER,DISP SBS,PREPA ATELIER_DISP SBS,NESHU,0,Remise niv1,87,2,2000-01-01,
PREPA ATELIER,DISP SBS,PREPA ATELIER_DISP SBS,NESHU,0,Remise niv2,87,2,2000-01-01,
PREPA ATELIER,DISP SBS,PREPA ATELIER_DISP SBS,NESHU,0,Tarif normal,87,2,2000-01-01,
PREPA ATELIER,DISP SBS,PREPA ATELIER_DISP SBS,NESHU,1,Remise niv1,87,2,2000-01-01,
PREPA ATELIER,DISP SBS,PREPA ATELIER_DISP SBS,NESHU,1,Remise niv2,87,2,2000-01-01,
PREPA ATELIER,DISP SBS,PREPA ATELIER_DISP SBS,NESHU,1,Tarif normal,87,2,2000-01-01,
PREPA ATELIER,FONTAINE A EAU,PREPA ATELIER_FONTAINE A EAU,NESHU,0,Remise niv1,87,2,2000-01-01,
PREPA ATELIER,FONTAINE A EAU,PREPA ATELIER_FONTAINE A EAU,NESHU,0,Remise niv2,87,2,2000-01-01,
PREPA ATELIER,FONTAINE A EAU,PREPA ATELIER_FONTAINE A EAU,NESHU,0,Tarif normal,87,2,2000-01-01,
PREPA ATELIER,FONTAINE A EAU,PREPA ATELIER_FONTAINE A EAU,NESHU,1,Remise niv1,87,2,2000-01-01,
PREPA ATELIER,FONTAINE A EAU,PREPA ATELIER_FONTAINE A EAU,NESHU,1,Remise niv2,87,2,2000-01-01,
PREPA ATELIER,FONTAINE A EAU,PREPA ATELIER_FONTAINE A EAU,NESHU,1,Tarif normal,87,2,2000-01-01,
DESINSTALLATION,MILANO,DESINSTALLATION_MILANO,EXPRESSO,0,Remise niv1,82,1,2000-01-01,
DESINSTALLATION,MILANO,DESINSTALLATION_MILANO,EXPRESSO,0,Remise niv2,82,1,2000-01-01,
DESINSTALLATION,MILANO,DESINSTALLATION_MILANO,EXPRESSO,0,Tarif normal,82,1,2000-01-01,
DESINSTALLATION,MILANO,DESINSTALLATION_MILANO,EXPRESSO,1,Remise niv1,82,1,2000-01-01,
DESINSTALLATION,MILANO,DESINSTALLATION_MILANO,EXPRESSO,1,Remise niv2,82,1,2000-01-01,
DESINSTALLATION,MILANO,DESINSTALLATION_MILANO,EXPRESSO,1,Tarif normal,82,1,2000-01-01,
INSTALLATION,MILANO,INSTALLATION_MILANO,EXPRESSO,0,Remise niv1,82,1,2000-01-01,
INSTALLATION,MILANO,INSTALLATION_MILANO,EXPRESSO,0,Remise niv2,82,1,2000-01-01,
INSTALLATION,MILANO,INSTALLATION_MILANO,EXPRESSO,0,Tarif normal,82,1,2000-01-01,
INSTALLATION,MILANO,INSTALLATION_MILANO,EXPRESSO,1,Remise niv1,82,1,2000-01-01,
INSTALLATION,MILANO,INSTALLATION_MILANO,EXPRESSO,1,Remise niv2,82,1,2000-01-01,
INSTALLATION,MILANO,INSTALLATION_MILANO,EXPRESSO,1,Tarif normal,82,1,2000-01-01,
